item_id,model_family,domain,complexity,gold_processing_level,title,off_direction,on_direction,off_direction_correct,on_direction_correct,direction_changed,off_chars,on_chars,char_change_on_minus_off,context_exclusive_token_count,context_exclusive_token_rate,context_exclusive_3gram_count,context_exclusive_3gram_rate,longest_context_exclusive_word_run,off_repetition_index,on_repetition_index,repetition_change_on_minus_off,context_exclusive_token_examples,off_output,on_output
SCB-P001,Base,교육활동,단순,안내,공개수업 시간 재안내,안내,안내,1,1,0,400,327,-73,1,0.017543859649122806,0,0.0,0,0.02941176470588236,0.018867924528301883,-0.010543840177580477,않음,"1. 핵심 요약: 공개수업 시간이 안내장과 다르게 변경되어 혼란이 발생했으며, 최종 공지는 10월 14일 9시 50분부터 2층 도서실에서 진행된다.  
2. 1차 처리 방향: 안내  
3. 확인할 사항: 없음  
4. 처리 계획: 우선 해당 공개수업의 최종 일정을 안내하고, 기존 안내장과의 차이점에 대해 설명하여 혼란을 해소한다. 개인정보는 포함되지 않으며, 학교에서 공식적으로 배포한 내용을 기준으로 대응한다.  
5. 회신 초안: 안녕하세요, 공개수업의 최종 일정은 10월 14일 9시 50분부터 2층 도서실에서 진행됩니다. 이전 안내장에 기재된 시간과 다소 차이가 있었으므로 혼란을 드려 죄송합니다. 정확한 정보는 최종 공지에 따르고 있으니, 해당 시간에 도서실로 방문하시면 됩니다. 불편을 드려 죄송합니다.","1. 핵심 요약: 공개수업 시간과 장소 변경에 대해 문의하며, 최종 공지는 10월 14일 10시 2층 도서실에서 9시 50분부터 입장 가능하다고 확인됨.  
2. 1차 처리 방향: 안내  
3. 확인할 사항: 없음  
4. 처리 계획: 우선으로 공개수업의 최종 일정을 안내하고, 추가 문의 시 담당자 연계하여 상세한 정보를 제공할 예정이며, 개인정보는 수집하지 않음.  
5. 회신 초안:  
공개수업의 최종 일정은 10월 14일 10시 2층 도서실에서 진행되며, 9시 50분부터 입장이 가능합니다.  
문의 사항이 있으시면 언제든지 연락 주시기 바랍니다.  
불편을 드려 죄송합니다."
SCB-P001,Public chat SFT,교육활동,단순,안내,공개수업 시간 재안내,추가확인,안내,0,1,1,212,237,25,2,0.044444444444444446,0,0.0,0,0.052631578947368474,0.1707317073170732,0.11810012836970474,민원인의,"1. 공개수업 시간이 안내장마다 다르다는 불편함을 호소하며, 최종 공개수업은 10월 14일 10시에 2층 도서실에서 진행된다. 2. 추가확인 3. 공개수업 시간과 장소 4. 공개수업은 10월 14일 10시에 2층 도서실에서 진행되며, 9시 50분부터 입장이 가능하다. 5. 민원인에게 공개수업의 최종 시간과 장소를 안내하고, 9시 50분부터 입장할 수 있다는 점을 확인해 주었다.","1. 공개수업 시간이 안내장마다 다르다는 불편함을 호소하며, 최종 공개수업은 10월 14일 10시, 2층 도서실에서 진행된다. 2. 안내 3. 공개수업 시간과 장소 4. 최종 공개수업은 10월 14일 10시, 2층 도서실에서 진행되며, 민원인의 불편함을 최소화하기 위해 최종 공지가 배포되었다. 5. 민원인의 불편함을 최소화하기 위해 최종 공개수업은 10월 14일 10시, 2층 도서실에서 진행되며, 최종 공지가 배포되었다."
SCB-P002,Base,교육활동,복합,안내,현장체험 참가 선택과 대체수업,추가확인,추가확인,0,0,0,441,402,-39,5,0.07042253521126761,0,0.0,0,0.0,0.0,0.0,방법을 | 민원인의 | 학부모님 | 바랍니다,"1. 핵심 요약: 체험학습 참가 여부는 선택사항이며, 미참가 시 대체수업이 제공되나 참가비는 납부하지 않음. 현재 보호자는 참가비를 내지 않았음.  
2. 1차 처리 방향: 추가확인. 미참가 시 수업 내용 및 비용 관련 정보가 부족하여 정확한 안내가 필요.  
3. 확인할 사항: 미참가 시 제공되는 대체수업의 내용과, 체험학습 참가비의 금액 및 납부 기한.  
4. 처리 계획: 대체수업 내용 및 참가비 관련 정보를 확인 후, 보호자에게 안내할 예정. 개인정보는 해당 학생의 수업 내역 및 비용 기준을 기반으로 처리.  
5. 회신 초안: 체험학습 참가 여부는 선택사항으로, 미참가 시 학교 도서실에서 대체수업을 수강할 수 있으며, 참가비는 납부하지 않으셔도 됩니다. 다만, 대체수업의 구체적인 내용과 참가비 금액에 대해 확인이 필요합니다. 이에 대해 자세한 정보를 제공해 드리겠습니다.","1. 핵심 요약: 체험학습 참여 여부는 선택사항이며, 미참가자는 대체수업에 출석하고 참가비는 납부하지 않음. 보호자는 아직 참가비를 내지 않았음.  
2. 1차 처리 방향: 추가확인  
3. 확인할 사항: 체험학습 미참가 시 대체수업의 구체적인 내용과 일정, 참가비 납부 일정 및 방법  
4. 처리 계획: 우선 체험학습 미참가 시 대체수업의 내용과 일정을 확인하고, 참가비 납부 일정 및 방법을 안내. 개인정보는 민원인의 요청에 따라 제출 가능.  
5. 회신 초안: 학부모님, 체험학습 참여 여부는 선택사항으로, 미참가 시 학교 도서실 대체수업에 출석하시면 됩니다. 참가비는 미납하신 것으로 확인되어, 납부 일정 및 방법을 안내드릴 수 있도록 확인하겠습니다. 궁금한 사항이 있으시면 언제든지 문의해 주시기 바랍니다."
SCB-P002,Public chat SFT,교육활동,복합,안내,현장체험 참가 선택과 대체수업,추가확인,안내,0,1,1,351,297,-54,2,0.03636363636363636,0,0.0,0,0.18644067796610164,0.17647058823529416,-0.009970089730807485,학교의,"1. 체험학습 참가 여부는 선택이며, 미참가 시 수업과 비용에 대해 문의했다. 보호자는 아직 참가비를 내지 않았다.
2. 추가확인
3. 체험학습 참가비, 미참가 시 수업 내용, 대체수업에 대한 정보
4. 체험학습 참가비는 학교 규정에 따라 결정되며, 미참가 시 학교 도서실 대체수업에 출석해야 한다. 보호자는 참가비를 내지 않았으므로, 학교 담당자와 연락하여 정확한 정보를 확인할 예정이다.
5. 민원인의 문의에 대해 학교 규정에 따라 체험학습 참가비는 학교 규정에 따라 결정되며, 미참가 시 학교 도서실 대체수업에 출석해야 한다. 보호자는 아직 참가비를 내지 않았으므로, 학교 담당자와 연락하여 정확한 정보를 확인할 예정이다.","1. 체험학습 참가 여부는 학생이 선택할 수 있으며, 미참가 시 수업과 비용에 대한 정보를 요청한다. 2. 담당자 연계 3. 학생의 미참가 시 수업과 비용에 대한 정확한 정보를 확인할 필요가 있다. 4. 학교의 담당자와 연락하여 학생의 미참가 시 수업과 비용에 대한 정확한 정보를 확인하고, 학생에게 안내할 것이다. 5. 민원인은 체험학습 참가 여부에 대해 궁금해하며, 미참가 시 수업과 비용에 대한 정보를 요청하고 있다. 학교의 담당자와 연락하여 학생의 미참가 시 수업과 비용에 대한 정확한 정보를 확인하고, 학생에게 안내하겠다."
SCB-P003,Base,교육활동,단순,추가확인,과제량 증가 주장,추가확인,추가확인,1,1,0,494,542,48,6,0.05825242718446602,0,0.0,0,0.022471910112359605,0.030303030303030276,0.00783112019067067,보호자가 | 보호자와 | 말씀해 | 내용은 | 등이 | 보겠습니다,"1. 핵심 요약: 아이가 매일 밤 늦게까지 숙제로 인해 수면 시간이 부족하다는 주장. 그러나 과제 내용, 소요 시간, 문제 시작 시점 등 구체적 정보는 제공되지 않았다.  
2. 1차 처리 방향: 추가확인  
3. 확인할 사항: 아이의 일일 숙제 내용, 소요 시간, 최근 수면 시간, 과제가 과도한지 판단할 수 있는 근거  
4. 처리 계획: 우선으로 아이의 숙제 부담 여부를 확인하기 위해 담당 교사와 연계하여 상황을 파악하고, 필요 시 교육지원팀과 협의하여 적절한 조치를 검토할 예정. 개인정보는 관련 담당자만 접근 가능하도록 보호할 예정.  
5. 회신 초안:  
보호자님, 아이가 숙제로 인해 수면 시간이 부족하다는 걱정을 전해 주셔서 감사합니다. 현재까지의 상황을 정확히 파악하기 위해 아이의 일일 숙제 내용과 소요 시간, 최근 수면 시간 등 구체적인 정보를 확인해 주시면 감사하겠습니다. 확인 후 담당 교사와 협의하여 적절한 조치를 검토하겠습니다. 불편을 드려 죄송합니다.","1. 핵심 요약: 보호자가 아이의 숙제량 증가로 인해 밤 늦게까지 공부하고 있다고 주장하며, 즉각적인 조치를 요청함. 그러나 확인된 내용에는 과제 내용, 소요 시간, 시작 시점 등 구체적 정보가 없음.  
2. 1차 처리 방향: 추가확인  
3. 확인할 사항: 아이의 과제 내용, 소요 시간, 문제가 시작된 시점, 그리고 현재 수면 패턴 등 구체적인 상황을 확인해야 함.  
4. 처리 계획: 우선적으로 보호자와의 대화를 통해 상세한 상황을 파악하고, 학교 내 교사와 협력하여 아이의 학습 부담을 점검할 계획임. 개인정보는 보호자와 담당 교사만이 접근 가능하도록 관리할 예정임.  
5. 회신 초안:  
보호자님, 아이의 숙제량 증가로 인해 밤 늦게까지 공부하고 있다고 말씀해 주셔서 감사드립니다. 현재까지 확인된 내용은 구체적인 과제 내용이나 소요 시간 등이 없어, 좀 더 상세한 상황을 파악해 보고자 합니다. 아이의 수면 패턴과 과제 내용, 문제가 시작된 시점을 알려주시면, 담당 교사와 함께 학습 부담을 점검해 보겠습니다. 보호자님의 말씀에 신속히 대응하겠습니다."
SCB-P003,Public chat SFT,교육활동,단순,추가확인,과제량 증가 주장,추가확인,추가확인,1,1,0,228,432,204,18,0.1956521739130435,10,0.1111111111111111,5,0.1875,0.31818181818181823,0.13068181818181823,위한 | 있는지 | 장과 | 교원은 | 생활지도를 | 건강한 | 성장과 | 발달을 | 민원인의,"1. 학생이 과제로 인해 밤 늦게까지 공부하고 있다. 즉각적 안전 위험이나 문제 시작 시점은 확인되지 않았다.
2. 추가확인
3. 학생의 과제 내용과 소요 시간, 문제 시작 시점
4. 학생의 과제 내용과 소요 시간을 확인하고, 학교의 과제 정책을 재검토하여 학생의 학습 부담을 줄일 계획이다.
5. 학교는 학생의 과제 내용과 소요 시간을 확인하고, 학교의 과제 정책을 재검토하여 학생의 학습 부담을 줄이겠다.","1. 학생이 과제로 인해 밤 늦게까지 공부하고 있다. 학교는 학생의 과제량을 줄여야 한다는 요구이다.
2. 추가확인
3. 학생의 과제량이 과도한지, 과제량을 줄이기 위한 학교의 정책이 있는지, 학교의 과제량 조정 기준이 있는지
4. 학교는 학생의 과제량을 줄이기 위해 학교 내부 규정을 검토하고, 학생의 학습 부담을 줄이기 위한 대안을 모색할 것이다. 학교의 장과 교원은 학생의 학습 부담을 줄이기 위해 학생과 상담하고, 학교의 생활지도를 통해 학생의 건강한 성장과 발달을 지원할 것이다.
5. 민원인의 요청에 대해 학교는 학생의 과제량을 줄이기 위해 학교 내부 규정을 검토하고, 학생의 학습 부담을 줄이기 위한 대안을 모색할 것이다. 학교의 장과 교원은 학생의 학습 부담을 줄이기 위해 학생과 상담하고, 학교의 생활지도를 통해 학생의 건강한 성장과 발달을 지원할 것이다."
SCB-P004,Base,교육활동,복합,추가확인,준비물 구매와 평가 반영 우려,추가확인,추가확인,1,1,0,345,431,86,3,0.038461538461538464,0,0.0,0,0.0,0.05405405405405406,0.05405405405405406,개인정보는 | 따라 | 필요합니다,"1. 핵심 요약: 아이가 준비물 구매를 못 해 점수 깎인다고 들었으며, 현재 감점 기록은 확인되지 않았다.  
2. 1차 처리 방향: 추가확인  
3. 확인할 사항: 준비물 구매 여부, 감점 여부, 관련 수업명 및 평가 기준  
4. 처리 계획: 준비물 구매 여부와 감점 여부를 확인한 후, 관련 수업 담당자와 연계해 상황을 설명하고, 필요한 경우 추가 안내를 제공할 예정이다.  
5. 회신 초안:  
민원인님, 안녕하세요. 준비물 구매 여부와 감점 여부에 대해 확인해 드릴 수 있도록 부탁드립니다. 관련 수업 내용과 평가 기준이 궁금하시다면, 담당 교사와 연계해 자세히 안내드리겠습니다. 양해해 주셔서 감사합니다.","1. 핵심 요약: 아이가 준비물 구매를 못 해 점수 깎였다고 들었지만, 현재 감점 기록은 확인되지 않았다. 준비물 구매 여부와 평가 기준에 대한 구체적 정보가 부족하다.  
2. 1차 처리 방향: 추가확인  
3. 확인할 사항: 준비물 구매 여부와 해당 수업의 평가 기준, 점수 깎인 사유 및 기준을 확인해야 한다.  
4. 처리 계획: 우선 준비물 구매 여부와 평가 기준을 확인하고, 해당 담당 교사와 연계해 상황을 설명하고, 필요한 경우 추가 조치를 검토할 예정이다. 개인정보는 관련 규정에 따라 보호하여 처리할 예정이다.  
5. 회신 초안:  
보호자님, 민원 접수 되었습니다. 준비물 구매 여부와 해당 수업의 평가 기준, 점수 깎인 사유에 대해 확인이 필요합니다. 관련 내용을 확인한 후, 담당 교사와 상담하여 상황을 안내드리겠습니다. 양해해 주셔서 감사합니다."
SCB-P004,Public chat SFT,교육활동,복합,추가확인,준비물 구매와 평가 반영 우려,추가확인,추가확인,1,1,0,313,332,19,2,0.029411764705882353,0,0.0,0,0.19047619047619047,0.171875,-0.018601190476190466,학생의,"1. 학생이 준비물을 구매하지 못한 상황에서 점수 깎임에 대한 우려가 있다. 현재 준비물 품목과 평가 기준에 대한 구체적인 정보는 확인되지 않았다.
2. 추가확인
3. 준비물 품목, 수업명, 평가 기준, 대여 여부, 감점 기록 여부
4. 준비물 품목과 수업명을 확인하고, 평가 기준과 대여 여부를 확인한 후, 감점 기록을 확인할 것이다. 확인된 내용을 바탕으로 학교에서 학생에게 안내할 예정이다.
5. 학교에서 준비물 품목과 수업명을 확인하고, 평가 기준과 대여 여부를 확인한 후, 감점 기록을 확인할 것이다. 확인된 내용을 바탕으로 학생에게 안내할 예정이다.","1. 학생이 준비물 구매를 못 했는데 점수도 깎인다고 들었다. 현재 확인된 감점 기록은 없다.
2. 추가확인
3. 준비물 구매 미이행 사유, 점수 깎임에 대한 구체적인 사유, 해당 수업의 평가 기준
4. 준비물 구매 미이행 사유를 확인하고, 해당 수업의 평가 기준을 확인한 후 학교장에게 보고하여 학생의 점수에 대한 최종 판단을 내린다.
5. 민원인은 학생이 준비물 구매를 못 했는데 점수도 깎인다고 들었다. 학교에서는 준비물 구매 미이행 사유와 점수 깎임에 대한 구체적인 사유를 확인하고, 해당 수업의 평가 기준을 확인한 후 학교장에게 보고하여 학생의 점수에 대한 최종 판단을 내릴 예정이다."
SCB-P005,Base,교육활동,단순,담당자연계,수업 참여 배제 조정 요청,추가확인,추가확인,0,0,0,415,432,17,7,0.08860759493670886,0,0.0,0,0.014705882352941124,0.053333333333333344,0.03862745098039222,수업 | 있는지 | 안녕하세요 | 민원 | 따라 | 바랍니다,"1. 핵심 요약: 휠체어 사용 학생이 다음 주 실험수업 장소에 접근이 어려운 상황이며, 해당 실험실의 접근성 문제가 확인되었다.  
2. 1차 처리 방향: 추가확인  
3. 확인할 사항: 실험수업의 대체 장소 여부, 교육활동 담당자의 확인 여부, 접근 지원 가능한 대안  
4. 처리 계획: 우선 교육활동 담당자와 연계하여 대체 장소 및 접근 지원 방안을 확인하고, 필요한 경우 즉시 조치할 예정이며, 개인정보는 관련 담당자만 접근 가능하다.  
5. 회신 초안: 휠체어를 사용하시는 아이가 실험수업에 참여하시기 위해 필요한 지원이 필요하다는 말씀을 전달받았습니다. 현재 실험실의 접근성 문제가 확인되었으므로, 교육활동 담당자와 협의하여 대체 장소 및 접근 지원 방안을 검토하겠습니다. 확인 후 즉시 안내드리겠습니다. 불편을 드려 죄송합니다.","1. 핵심 요약: 휠체어 사용 학생이 실험실 접근이 어려워 수업 참여가 불가능하다고 요청하며, 해당 실험실의 접근성 문제가 확인되었다.  
2. 1차 처리 방향: 추가확인  
3. 확인할 사항: 실험수업의 대체 장소나 접근 지원 방안이 있는지, 학교 교육활동 담당자와의 협의 가능 여부  
4. 처리 계획: 우선적으로 교육활동 담당자와 협의하여 대체 장소나 접근 지원 방안을 조사하고, 필요한 경우 개인정보를 바탕으로 지원 조치를 마련할 예정이다.  
5. 회신 초안:  
""안녕하세요. 민원 내용을 확인하였습니다. 휠체어 사용 학생의 실험수업 참여에 대한 요청을 받았으며, 현재 실험실의 접근성 문제가 확인되었습니다. 이에 따라 교육활동 담당자와 협의하여 대체 장소나 접근 지원 방안을 조사하겠습니다. 확인된 내용에 따라 신속히 조치하겠습니다. 양해해 주시기 바랍니다."""
SCB-P005,Public chat SFT,교육활동,단순,담당자연계,수업 참여 배제 조정 요청,추가확인,추가확인,0,0,0,273,353,80,0,0.0,0,0.0,0,0.0,0.08955223880597019,0.08955223880597019,,"1. 휠체어를 이용하는 학생이 실험수업 장소에 참여할 수 없어 학교의 접근 지원을 요청했다. 실험실은 계단으로만 연결되어 있어 접근성이 부족한 상황이다.
2. 추가확인
3. 실험실의 접근성 문제와 학생의 수업 참여 가능성에 대한 구체적인 사항을 확인해야 한다.
4. 교육활동 담당자와 관리자와 협의하여 실험실 접근성 개선과 학생 수업 참여를 위한 대안을 모색할 계획이다.
5. 휠체어를 이용하는 학생의 수업 참여를 위해 실험실 접근성 문제를 교육활동 담당자와 관리자와 협의하여 해결하겠다.","1. 휠체어 사용 학생의 실험수업 참여를 요청한 민원인은 실험실의 접근성 문제를 지적했다. 학교는 실험실의 물리적 접근성에 대한 확인과 학생의 수업 참여 가능성에 대해 검토하고 있다.
2. 추가확인
3. 실험실의 접근성 문제와 학생의 수업 참여 가능성에 대한 구체적인 사항
4. 학교 교육활동 담당자와 관리자가 실험실의 접근성을 재검토하고, 학생의 수업 참여를 위한 대안을 모색할 것이다. 학생의 개인정보는 최소한으로 제한하고, 필요한 경우 보호자와의 협의를 통해 접근 지원 방안을 마련할 것이다.
5. 휠체어 사용 학생의 실험수업 참여를 위해 학교는 실험실의 접근성을 재검토하고, 학생의 수업 참여를 위한 대안을 모색할 예정이다."
SCB-P006,Base,교육활동,복합,담당자연계,수업 중 모욕 주장과 공개 사과 요구,추가확인,추가확인,0,0,0,416,454,38,5,0.060240963855421686,0,0.0,0,0.0,0.025316455696202556,0.025316455696202556,사안 | 사안에 | 확인해 | 주시면 | 감사하겠습니다,"1. 핵심 요약: 아이가 교사에게 반 친구들 앞에서 모욕을 당했다고 주장하며 수업 방식 변경과 사과문 게시를 요청했으나, 구체적 발언과 경위는 확인되지 않았다.  
2. 1차 처리 방향: 추가확인  
3. 확인할 사항: 해당 수업의 구체적 경위와 모욕 발언 내용, 교사의 대응 방식  
4. 처리 계획: 우선 민원인의 요청에 따라 관리자에게 추가 확인을 요청하고, 학급 단체방에 사과문 게시 여부는 확인 후 결정한다. 개인정보 처리 시 신분을 공개하지 않도록 주의한다.  
5. 회신 초안: 민원인님, 아이가 교사에게 모욕을 당했다고 하셨습니다. 현재 해당 수업의 경위와 구체적 발언 내용이 확인되지 않았으므로, 관리자와 추가 확인을 진행하겠습니다. 확인 후 학급 단체방에 사과문 게시 여부를 안내드리겠습니다. 민원인님의 우려를 잘 이해합니다.","1. 핵심 요약: 학생이 교사에게 모욕을 당했다고 주장하며 수업 방식 변경과 사과문 게시를 요청했으나, 구체적 경위는 확인 중이며 학생이 불안해하고 있음.  
2. 1차 처리 방향: 추가확인  
3. 확인할 사항: 모욕 발언의 구체적 내용과 발생 경위, 교사의 대응 여부, 학생의 현재 상태  
4. 처리 계획: 우선 학교 관리자와 담임교사에게 사안 확인을 요청하고, 학생의 안정을 위해 상담 서비스 연계. 개인정보는 사전 동의 없이 공개하지 않음.  
5. 회신 초안:  
민원인 안녕하세요. 보호자님의 말씀을 전달받아, 해당 사안에 대해 신속히 조치하겠습니다. 현재 구체적 경위 확인 중이므로, 모욕 발언의 내용과 발생 경위, 교사의 대응 여부 등을 추가로 확인해 주시면 감사하겠습니다. 학생의 안정을 위해 필요한 경우 상담 서비스도 연계해 드릴 수 있습니다. 보호자님의 요청에 따라 신중하게 처리하겠습니다."
SCB-P006,Public chat SFT,교육활동,복합,담당자연계,수업 중 모욕 주장과 공개 사과 요구,추가확인,추출불가,0,0,1,406,361,-45,14,0.2,2,0.029411764705882353,3,0.24675324675324672,0.18181818181818177,-0.06493506493506496,학교폭력 | 사안 | 즉시 | 사안처리,"1. 학생이 교사에게 모욕을 당했다는 주장이 있으나, 구체적 발언과 경위는 확인되지 않았다. 학생은 다음 수업을 불안해하며, 민원인은 수업 방식 변경과 사과문 게시를 요구하고 있다.
2. 추가확인
3. 학생의 불안감, 구체적 모욕 발언, 교사의 대응 방식
4. 학교 관리자가 학생의 불안감을 확인하고, 교사와 학생의 상황을 조사하여 학급 단체방에 적절한 사과문을 게시할 예정이다. 학생의 개인정보는 보호하며, 필요한 경우 학교 심리상담사와 교사와의 면담을 통해 상황을 조사할 것이다.
5. 민원인의 요청에 대해 학교는 학생의 불안감을 확인하고, 교사와 학생의 상황을 조사하여 학급 단체방에 적절한 사과문을 게시할 예정이다. 학생의 개인정보는 보호하며, 필요한 경우 학교 심리상담사와 교사와의 면담을 통해 상황을 조사할 것이다.","1. 학생이 교사에게 모욕을 당했다는 민원으로, 구체적 발언과 경위는 확인되지 않았다. 학생은 다음 수업을 불안해하며, 민원인은 교사의 사과문을 학급 단체방에 게시해달라고 요청했다.
2. 담당자 연계
3. 학교폭력 사안 발생 시 담임교사에게 즉시 알려야 한다는 규정이 있으므로, 담임교사에게 사안을 전달하고 학교폭력 사안처리 가이드북에 따라 조치해야 한다.
4. 담임교사에게 사안을 전달하고 학교폭력 사안처리 가이드북에 따라 조치한다. 학교폭력 사안 발생 시 담임교사에게 즉시 알려야 하므로, 담임교사에게 사안을 전달하고 학교폭력 사안처리 가이드북에 따라 조치한다.
5. 담임교사에게 사안을 전달하고 학교폭력 사안처리 가이드북에 따라 조치하겠다."
SCB-P007,Base,평가·기록,단순,안내,답안 확인 일정,안내,추가확인,1,0,1,486,490,4,7,0.08139534883720931,0,0.0,0,0.0,0.0,0.0,어떻게 | 내용을 | 학생의 | 성명 | 번호 | 등으로 | 필요한,"1. 핵심 요약: 시험 답안 확인 신청 기간은 11월 4일부터 6일까지이며, 확인 시간은 신청 후 담당자가 안내한다고 공지되어 있습니다. 현재는 11월 4일로 확인 신청이 가능합니다.  
2. 1차 처리 방향: 안내  
3. 확인할 사항: 없음  
4. 처리 계획: 우선적으로 확인 신청 가능 기간에 해당하므로, 학교 평가 문의 게시판을 통해 신청할 수 있음을 안내하고, 확인 시간이 지정되면 개별 안내를 제공할 예정입니다. 개인정보는 신청 시 제출되는 내용에 한해 처리하며, 보호자님의 신분을 확인한 후 진행하겠습니다.  
5. 회신 초안: 시험 답안 확인 신청은 11월 4일부터 6일까지 학교 평가 문의 게시판을 통해 가능하며, 확인 시간은 신청 후 담당자가 개별로 안내해 드리겠습니다. 현재는 신청 기간이 시작된 만큼, 신청서를 작성해 주시면 확인 절차를 진행해 드리겠습니다. 보호자님의 불편을 격려드리며, 추가 문의사항이 있으시면 언제든지 연락 주시기 바랍니다.","1. 핵심 요약: 민원인은 시험 답안 확인 신청 절차를 문의하며, 확인 자료에 따르면 신청은 11월 4일부터 6일까지 평가 문의 게시판으로 접수된다.  
2. 1차 처리 방향: 추가확인  
3. 확인할 사항: 시험 답안 확인 신청 시 어떤 자료를 제출해야 하며, 담당자가 확인 시간을 안내하는 절차는 어떻게 되는지.  
4. 처리 계획: 우선 민원인의 문의 내용을 기반으로 확인 자료에 명시된 신청 절차를 안내하고, 담당자 연계를 통해 확인 시간 등 구체적인 사항을 확인한 후, 추가 안내를 제공할 예정이다. 개인정보는 해당 학생의 성명, 반, 번호 등으로 한정하여 처리할 예정이다.  
5. 회신 초안:  
시험 답안 확인 신청은 11월 4일부터 6일까지 학교의 평가 문의 게시판으로 접수됩니다. 확인 시간은 신청 후 담당자가 개별적으로 안내해 드리므로, 신청 시 필요한 자료를 제출하시면 확인 절차를 진행하겠습니다. 추가 문의사항이 있으시면 언제든지 연락 주시기 바랍니다."
SCB-P007,Public chat SFT,평가·기록,단순,안내,답안 확인 일정,추가확인,추가확인,0,0,0,280,381,101,2,0.02857142857142857,0,0.0,0,0.34782608695652173,0.24242424242424243,-0.1054018445322793,하는지 | 어떻게,"1. 시험 답안 확인 시간이 짧아 보호자가 확인 신청 방법을 문의했다. 확인 신청은 11월 4일부터 6일까지 평가 문의 게시판으로 가능하며, 개별 확인 시간은 담당자가 안내한다.
2. 추가확인
3. 확인할 사항: 없음
4. 처리 계획: 담당자 연계 후 확인 시간을 안내할 예정이다.
5. 시험 답안 확인 시간이 짧아 보호자가 확인 신청 방법을 문의했다. 확인 신청은 11월 4일부터 6일까지 평가 문의 게시판으로 가능하며, 개별 확인 시간은 담당자가 안내한다. 담당자 연계 후 확인 시간을 안내하겠다.","1. 시험 답안 확인 시간이 짧아 보호자가 확인 신청 방법을 문의했다. 확인 신청은 11월 4일부터 6일까지 학교 평가 문의 게시판으로 접수하며, 개별 확인 시간은 담당자가 안내한다.
2. 추가확인
3. 확인할 사항: 담당자가 개별 확인 시간을 언제 안내하는지, 확인 신청 시 어떤 서류를 제출해야 하는지, 확인 결과는 어떻게 통보되는지.
4. 처리 계획: 학교 평가 문의 게시판에 확인 신청을 안내하고, 담당자가 개별 확인 시간을 안내할 예정이다. 확인 결과는 학교에서 학생에게 통보할 예정이다.
5. 시험 답안 확인 시간이 짧아 보호자가 확인 신청 방법을 문의했다. 확인 신청은 11월 4일부터 6일까지 학교 평가 문의 게시판으로 접수하며, 개별 확인 시간은 담당자가 안내한다."
SCB-P008,Base,평가·기록,복합,안내,결석계 제출과 출결 확인 시점,안내,안내,1,1,0,295,433,138,1,0.013888888888888888,0,0.0,0,0.0,0.13235294117647056,0.13235294117647056,학생의,"1. 핵심 요약: 결석계가 접수되었으나 출결 화면에 반영되지 않아 불편함을 호소하며, 처리 일정을 문의함. 확인 자료에 따르면 접수 완료 상태이며, 심사가 진행 중임.  
2. 1차 처리 방향: 안내  
3. 확인할 사항: 없음  
4. 처리 계획: 우선 접수 완료 상태를 안내하고, 수업일에 처리 상태를 확인할 수 있도록 안내하며, 개인정보는 보호하여 처리함.  
5. 회신 초안: 결석계 접수가 완료되었으며, 출결 인정 심사가 진행 중입니다. 접수 다음 수업일에 처리 상태를 확인해 주시기 바랍니다. 불편을 드려 죄송합니다.","1. 핵심 요약: 결석계는 오늘 정상 접수되었으며, 출결 인정 심사가 진행 중이라 출결 화면이 변경되지 않은 것으로 확인됨. 처리 상태는 접수 다음 수업일에 확인 가능하다.  
2. 1차 처리 방향: 안내  
3. 확인할 사항: 없음  
4. 처리 계획: 우선 조치로는 현재 진행 중인 심사를 기다리고, 접수 다음 수업일에 처리 상태를 확인할 예정입니다. 개인정보는 해당 학생의 출결 관련 정보에 한해 처리되며, 보호자님의 개인정보는 해당 사항과 무관하므로 처리되지 않습니다.  
5. 회신 초안:  
보호자님, 안녕하세요.  
결석계는 오늘 정상 접수되었으며, 현재 출결 인정 심사가 진행 중이라 출결 화면이 변경되지 않은 것으로 확인되었습니다. 처리 상태는 접수 다음 수업일에 확인 가능합니다.  
추가 문의사항이 있으시면 언제든지 연락 주시기 바랍니다.  
감사합니다."
SCB-P008,Public chat SFT,평가·기록,복합,안내,결석계 제출과 출결 확인 시점,추가확인,담당자연계,0,0,1,323,1597,1274,0,0.0,0,0.0,0,0.1384615384615384,0.9312169312169312,0.7927553927553928,,"1. 결석계를 제출했으나 출결 화면이 변경되지 않아 답답함을 호소했다. 해당 결석계는 오늘 접수되었고 보완 요청이 없으며, 출결 인정 심사는 진행 중이다.
2. 추가확인
3. 결석계 접수 일자, 출결 인정 심사 완료 일자, 출결 화면 변경 일자
4. 우선 접수한 결석계는 보완 요청이 없으므로 처리 상태를 확인할 수 있다. 출결 인정 심사는 접수 다음 수업일에 완료될 예정이며, 그 후 출결 화면이 변경될 것이다.
5. 민원인은 결석계를 제출했으나 출결 화면이 변경되지 않아 불편함을 호소했다. 해당 결석계는 오늘 접수되었고 보완 요청이 없으며, 출결 인정 심사는 진행 중이다.","1. 결석계를 제출했으나 출결 화면이 변하지 않았다. 해당 결석계는 오늘 접수되었고 보완 요청이 없다. 
2. 담당자연계
3. 확인할 사항: 결석계 접수 후 출결 화면이 변하지 않은 이유, 결석계 접수 후 출결 화면이 변하지 않은 사실이 사실인지, 결석계 접수 후 출결 화면이 변하지 않은 사실이 사실인지, 결석계 접수 후 출결 화면이 변하지 않은 사실이 사실인지, 결석계 접수 후 출결 화면이 변하지 않은 사실이 사실인지, 결석계 접수 후 출결 화면이 변하지 않은 사실이 사실인지, 결석계 접수 후 출결 화면이 변하지 않은 사실이 사실인지, 결석계 접수 후 출결 화면이 변하지 않은 사실이 사실인지, 결석계 접수 후 출결 화면이 변하지 않은 사실이 사실인지, 결석계 접수 후 출결 화면이 변하지 않은 사실이 사실인지, 결석계 접수 후 출결 화면이 변하지 않은 사실이 사실인지, 결석계 접수 후 출결 화면이 변하지 않은 사실이 사실인지, 결석계 접수 후 출결 화면이 변하지 않은 사실이 사실인지, 결석계 접수 후 출결 화면이 변하지 않은 사실이 사실인지, 결석계 접수 후 출결 화면이 변하지 않은 사실이 사실인지, 결석계 접수 후 출결 화면이 변하지 않은 사실이 사실인지, 결석계 접수 후 출결 화면이 변하지 않은 사실이 사실인지, 결석계 접수 후 출결 화면이 변하지 않은 사실이 사실인지, 결석계 접수 후 출결 화면이 변하지 않은 사실이 사실인지, 결석계 접수 후 출결 화면이 변하지 않은 사실이 사실인지, 결석계 접수 후 출결 화면이 변하지 않은 사실이 사실인지, 결석계 접수 후 출결 화면이 변하지 않은 사실이 사실인지, 결석계 접수 후 출결 화면이 변하지 않은 사실이 사실인지, 결석계 접수 후 출결 화면이 변하지 않은 사실이 사실인지, 결석계 접수 후 출결 화면이 변하지 않은 사실이 사실인지, 결석계 접수 후 출결 화면이 변하지 않은 사실이 사실인지, 결석계 접수 후 출결 화면이 변하지 않은 사실이 사실인지, 결석계 접수 후 출결 화면이 변하지 않은 사실이 사실인지, 결석계 접수 후 출결 화면이 변하지 않은 사실이 사실인지, 결석계 접수 후 출결 화면이 변하지 않은 사실이 사실인지, 결석계 접수 후 출결 화면이 변하지 않은 사실이 사실인지, 결석계 접수 후 출결 화면이 변하지 않은 사실이 사실인지, 결석계 접수 후 출결 화면이 변하지 않은 사실이 사실인지, 결석계 접수 후 출결 화면이 변하지 않은 사실이 사실인지, 결석계 접수 후 출결 화면이 변하지 않은 사실이 사실인지, 결석계 접수 후 출결 화면이 변하지 않은 사실이 사실인지, 결석계 접수 후 출결 화면이 변하지 않은 사실이 사실인지, 결석계 접수 후 출결 화면이 변하지 않은 사실이 사실인지, 결석계 접수 후 출결 화면이 변하지 않은 사실이 사실인지, 결석계 접수 후 출결 화면이 변하지 않은 사실이 사실인지, 결석계 접수 후 출결 화면이 변하지 않은 사실이 사실인지, 결석계 접수 후 출결 화면이 변하지 않은 사실이 사실인지, 결석계 접수 후 출결 화면이 변하지 않은 사실이 사실인지, 결석계 접수 후 출결 화면이 변하지 않은 사실이 사실인지, 결석계 접수 후 출결 화면이 변하지 않은 사실이 사실인지, 결석계 접수 후 출결 화면이 변하지 않은 사실이 사실인지, 결석계 접수"
SCB-P009,Base,평가·기록,단순,추가확인,점수 입력 오류 의심,추가확인,추가확인,1,1,0,493,554,61,11,0.1134020618556701,0,0.0,0,0.02409638554216864,0.053763440860215006,0.029667055318046365,구체적인 | 민원인의 | 정보를 | 바탕으로 | 따라 | 안전하게 | 확인해,"1. 핵심 요약: 학생이 제출한 수행평가 점수와 화면에 표시된 점수가 다름을 지적하며, 해당 점수를 수정해 줄 것을 요청함. 현재는 확정된 입력 오류가 확인되지 않았음.  
2. 1차 처리 방향: 추가확인. 학생의 점수 확인 및 오류 여부를 파악하기 위해 본인 확인 및 점수 기준일 확인이 필요함.  
3. 확인할 사항: 본인 확인 절차 진행 여부, 해당 평가의 기준일 및 점수 입력 기준에 대한 자세한 내용.  
4. 처리 계획: 본인 확인 후, 해당 평가의 기준일과 점수 입력 기준을 확인하여 오류 여부를 판단하고, 필요한 경우 담당 교사와 협의하여 수정 여부를 결정함. 개인정보는 본인 확인 후에만 접근 가능하며, 처리 과정에서 보호함.  
5. 회신 초안: ""민원인님, 제출하신 수행평가 점수와 화면에 표시된 점수가 다름을 확인하였습니다. 본인 확인 및 해당 평가의 기준일을 확인한 후, 정확한 점수 여부를 판단하여 안내드리겠습니다. 확인 과정에서 불편을 드려 죄송합니다.""","1. 핵심 요약: 민원인은 수행평가 점수와 화면 점수가 다르다고 주장하며, 확인 자료에 따르면 현재 확정된 입력 오류는 없고 본인 확인도 진행 중이지 않음.  
2. 1차 처리 방향: 추가확인  
3. 확인할 사항: 수행평가 점수와 화면 점수가 다른 구체적인 내용(예: 과목, 평가 항목, 기준일 등)과 본인 확인 절차 진행 여부  
4. 처리 계획: 우선 민원인의 제공한 정보를 바탕으로 수행평가 점수와 화면 점수의 차이를 확인하고, 본인 확인 절차 진행 여부를 확인한 후, 관련 담당자와 연계하여 조치 예정. 개인정보는 처리 목적에 따라 안전하게 관리할 예정.  
5. 회신 초안:  
민원인님, 안녕하세요. 제공해주신 정보를 바탕으로 수행평가 점수와 화면 점수가 다른 것으로 보입니다. 현재 확정된 입력 오류는 없으며, 본인 확인 절차도 진행 중이지 않은 것으로 확인되었습니다. 이에 따라 해당 점수 차이에 대한 구체적인 내용(과목, 평가 항목, 기준일 등)과 본인 확인 절차 진행 여부를 확인해 주시면, 관련 담당자와 연계하여 조치하겠습니다. 민원인님의 요청에 신속히 대응하겠습니다."
SCB-P009,Public chat SFT,평가·기록,단순,추가확인,점수 입력 오류 의심,추가확인,추가확인,1,1,0,216,289,73,9,0.15789473684210525,5,0.09090909090909091,7,0.15384615384615385,0.2264150943396226,0.07256894049346874,학업성적관리위원회의 | 심의를 | 학생의 | 성취 | 수준 | 관찰한 | 사실을 | 바탕으로 | 결과를,"1. 학생이 말한 수행평가 점수와 화면에 표시된 점수가 다르다는 민원이다. 현재 확정된 입력 오류는 없다.
2. 추가확인
3. 본인 확인, 확정된 입력 오류 여부
4. 본인 확인 후 확정된 입력 오류 여부를 확인하고, 오류가 있으면 교사에게 확인하고 수정할 것이다.
5. 민원인의 요구에 대해 본인 확인 후 확정된 입력 오류 여부를 확인하고, 오류가 있으면 교사에게 확인하고 수정하겠다.","1. 민원인은 수행평가 점수와 화면 점수가 다르다고 주장했으나, 현재 확정된 입력 오류는 없다. 본인 확인은 진행되지 않았다.
2. 추가확인
3. 본인 확인, 수행평가 점수와 화면 점수의 차이 사유
4. 본인 확인 후, 수행평가 점수와 화면 점수의 차이 사유를 확인하고, 학교 학업성적관리위원회의 심의를 통해 학생의 성취 수준 및 평가 중 관찰한 사실을 바탕으로 평가 결과를 작성할 것이다.
5. 민원인은 수행평가 점수와 화면 점수가 다르다고 주장했으나, 현재 확정된 입력 오류는 없다. 본인 확인은 진행되지 않았다."
SCB-P010,Base,평가·기록,복합,추가확인,보충평가와 출결의 혼동,추가확인,추가확인,1,1,0,485,408,-77,9,0.11538461538461539,0,0.0,0,0.0674157303370787,0.013513513513513487,-0.05390221682356522,참가로 | 인한 | 안녕하세요 | 민원 | 확인해 | 다만 | 등에,"1. 핵심 요약: 대회 참석 후 결석으로 표시되고 시험 0점이 되었다고 주장하며, 이에 대한 취소를 요청합니다. 그러나 대회 승인 여부, 결석 일자, 평가 종류 등 확인 자료가 부족합니다.  
2. 1차 처리 방향: 추가확인  
3. 확인할 사항: 대회 참석 여부, 대회 승인 여부, 결석 일자, 빠진 평가 종류, 0점 입력 여부  
4. 처리 계획: 우선 대회 참석 및 결석 일자, 평가 종류, 0점 입력 여부를 확인한 후, 관련 담당 부서와 연계하여 처리 계획을 수립하고, 개인정보는 관련 규정에 따라 보호하겠습니다.  
5. 회신 초안:  
민원인님, 대회 참석 후 결석으로 표시되고 시험 점수에 대한 우려를 전해 주셔서 감사합니다. 현재 확인 가능한 자료가 부족하여, 대회 참석 여부, 결석 일자, 평가 종류, 0점 입력 여부 등을 확인한 후, 관련 담당 부서와 협의하여 처리할 계획입니다. 확인 과정에서 추가 문의가 필요하시면 언제든지 연락 주시기 바랍니다.","1. 핵심 요약: 대회 참가로 인한 결석 및 0점 처리를 취소해 달라고 요청하나, 대회 승인 여부와 결석 일자 등 확인되지 않았다.  
2. 1차 처리 방향: 추가확인  
3. 확인할 사항: 대회 참가 승인 여부, 결석 일자, 빠진 평가 종류, 0점 입력 여부  
4. 처리 계획: 확인 사항을 학교 관리자와 협의해 추가 조사 후 결과를 안내할 예정. 개인정보는 관련 규정에 따라 보호하여 처리할 예정.  
5. 회신 초안: 안녕하세요. 민원 내용을 확인해 주셔서 감사합니다. 대회 참가로 인한 결석 및 0점 처리에 대한 취소 요청이 있으신 것으로 확인되었습니다. 다만, 대회 승인 여부, 결석 일자, 평가 종류 등에 대한 확인이 필요합니다. 관련 사항을 확인한 후, 최종 처리 여부를 안내드리겠습니다. 양해해 주셔서 감사합니다."
SCB-P010,Public chat SFT,평가·기록,복합,추가확인,보충평가와 출결의 혼동,추가확인,추가확인,1,1,0,414,489,75,32,0.3076923076923077,10,0.09803921568627451,5,0.202247191011236,0.32999999999999996,0.12775280898876396,학생이 | 참가로 | 인한 | 사항에 | 학교생활기록부 | 학교폭력예방 | 대책에 | 관한 | 폭력 | 전담기구의 | 사실 | 확인을,"1. 민원인은 대회 참석 후 결석으로 표시되고 시험 0점 처리에 대해 불만을 제기했으나, 접수 기록에는 대회 승인 여부, 결석 일자, 빠진 평가 종류, 공지 내용, 0점 입력 여부에 대한 정보가 없음이 확인되었다.
2. 추가확인
3. 대회 승인 여부, 결석 일자, 빠진 평가 종류, 공지 내용, 0점 입력 여부
4. 우선 대회 승인 여부와 결석 일자를 확인하고, 평가 종류와 공지 내용을 확인한 후 0점 입력 여부를 확인할 것이다. 확인한 내용에 따라 학교 담당자와 협의하여 처리할 계획이다. 개인정보는 민원인의 이름과 대회 이름만 확인할 예정이다.
5. 민원인의 요청에 대해 접수 기록에 대회 승인 여부, 결석 일자, 빠진 평가 종류, 공지 내용, 0점 입력 여부에 대한 정보가 없음이 확인되었다. 학교 담당자와 협의하여 처리할 예정이다.","1. 학생이 대회 참가로 인한 결석과 시험 0점 처리에 대해 민원인이 불만을 제기했다. 학교는 해당 사항에 대한 구체적인 정보를 확인하지 못했다.
2. 추가확인
3. 대회 승인 여부, 결석 일자, 빠진 평가 종류, 공지 내용, 0점 입력 여부
4. 학교는 학교생활기록부 기재요령에 따라 대회 참가로 인한 결석 처리 기준을 확인하고, 학생의 학교생활기록부에 적절한 처리를 할 것이다. 학교는 학교폭력예방 및 대책에 관한 법률에 따라 학생의 결석 사유를 폭력 전담기구의 사실 확인을 거쳐 학교장이 인정하는 경우 출석인정 결석으로 처리할 수 있는지 확인할 것이다.
5. 학교는 학교생활기록부 기재요령에 따라 대회 참가로 인한 결석 처리 기준을 확인하고, 학생의 학교생활기록부에 적절한 처리를 할 것이다. 학교는 학교폭력예방 및 대책에 관한 법률에 따라 학생의 결석 사유를 폭력 전담기구의 사실 확인을 거쳐 학교장이 인정하는 경우 출석인정 결석으로 처리할 수 있는지 확인할 것이다."
SCB-P011,Base,평가·기록,단순,담당자연계,확인된 성적 오기 정정,추가확인,추가확인,0,0,0,468,451,-17,3,0.04054054054054054,0,0.0,0,0.0,0.014285714285714235,0.014285714285714235,학교생활기록부의 | 진로 | 사항을,"1. 핵심 요약: 성적표에 18점이 입력되었으나 8점으로 기록된 오류가 확인되었으며, 담당자가 전사 오류로 판단했습니다. 그러나 정정을 위해 평가 담당자와 승인자의 공식 절차가 필요합니다.  
2. 1차 처리 방향: 추가확인  
3. 확인할 사항: 오류가 발생한 구체적인 과목 및 학생 정보(학년, 반, 이름)를 확인해야 합니다.  
4. 처리 계획: 우선 오류 발생 과목 및 학생 정보를 확인한 후, 평가 담당자와 승인자의 절차에 따라 정정을 진행할 예정입니다. 개인정보는 엄격히 보호하여 관련자만 접근 가능합니다.  
5. 회신 초안:  
민원인님, 확인된 성적표 오류에 대해 조치를 취하겠습니다. 현재 정정을 위해 평가 담당자와 승인자의 절차가 필요하다고 확인되었으므로, 구체적인 과목 및 학생 정보를 확인한 후 정정을 진행할 예정입니다. 이 절차에 따라 처리될 예정이오니, 추가 문의사항이 있으시면 언제든지 연락 주시기 바랍니다.","1. 핵심 요약: 성적표 오류는 담당자 확인 후 전사 오류로 판단되었으나, 정정에는 평가 담당자와 승인권자의 공식 절차가 필요하다.  
2. 1차 처리 방향: 추가확인  
3. 확인할 사항: 해당 성적표 오류가 학교생활기록부의 진로 관련 사항인지, 해당 자료가 상급학교에 제공되었는지 여부.  
4. 처리 계획: 우선 해당 성적표 오류 여부를 재확인하고, 평가 담당자와 승인권자와 협의하여 공식 절차에 따라 정정 여부를 결정한 후, 민원인에게 결과를 안내할 예정이다. 개인정보는 관련 규정에 따라 관리할 예정이다.  
5. 회신 초안:  
민원인님, 확인해 주신 성적표 오류에 대해 담당자 확인 결과 전사 오류로 판단되었으나, 정정을 위해 평가 담당자와 승인권자의 공식 절차가 필요합니다. 이에 따라 관련 사항을 재확인하고, 정정 여부를 결정한 후 안내드리겠습니다. 민원인님의 이해와 기다림을 부탁드립니다."
SCB-P011,Public chat SFT,평가·기록,단순,담당자연계,확인된 성적 오기 정정,담당자연계,담당자연계,1,1,0,335,231,-104,5,0.10204081632653061,0,0.0,0,0.22033898305084743,0.1333333333333333,-0.08700564971751412,따라 | 학생의 | 동의를 | 받아,"1. 담당자가 확인한 답안 채점표는 18점이나 성적 입력값은 8점으로, 담당자가 전사 오류임을 확인했다. 확정 기록 정정에 평가 담당자와 승인권자의 공식 절차가 필요하며, 승인 완료 시점은 정해지지 않았다.
2. 담당자연계
3. 담당자 연락처와 담당자 이름
4. 담당자 연락처와 이름을 확인한 후, 담당자와 승인권자와의 공식 절차를 진행할 예정이다. 이 과정에서 개인정보는 보호할 것이며, 처리 결과는 민원인에게 안내할 것이다.
5. 담당자 연락처와 이름을 확인한 후, 담당자와 승인권자와의 공식 절차를 진행할 예정이다. 이 과정에서 개인정보는 보호할 것이며, 처리 결과는 민원인에게 안내할 것이다.","1. 담당자가 확인한 답안 채점표는 18점이나 성적 입력값은 8점으로, 전사 오류임을 확인했다. 이 사례에서는 확정 기록 정정에 평가 담당자와 승인권자의 공식 절차가 필요하다.
2. 담당자연계
3. 없음
4. 담당자와 승인권자의 공식 절차에 따라 확정 기록 정정을 진행할 예정이다. 개인정보는 해당 학생의 동의를 받아 처리할 예정이다.
5. 담당자와 승인권자의 공식 절차에 따라 확정 기록 정정을 진행할 예정이다."
SCB-P012,Base,평가·기록,복합,담당자연계,평가기준 이의와 타 학생 답안 요구,추가확인,추가확인,0,0,0,422,500,78,5,0.06097560975609756,0,0.0,0,0.0,0.0,0.0,자신의 | 있습니다 | 또는 | 드릴 | 바랍니다,"1. 핵심 요약: 민원인은 아이의 감점이 부당하다고 주장하며, 타 학생의 답안과 이름을 확인해 줄 것을 요청했습니다. 그러나 자료 제공에 대한 동의나 근거가 확인되지 않았습니다.  
2. 1차 처리 방향: 추가확인  
3. 확인할 사항: 타 학생 자료 제공에 대한 학교의 정책이나 절차, 해당 자료의 보관 여부 및 제공 가능 여부  
4. 처리 계획: 먼저 타 학생 자료 제공에 대한 규정을 확인하고, 제공 가능 여부에 따라 민원인에게 안내할 예정입니다. 개인정보 보호에 유의하며, 필요한 경우 담당자와 협의 후 조치하겠습니다.  
5. 회신 초안: 민원인님, 아이의 감점에 대한 불편을 이해합니다. 현재 자료 제공에 대한 규정을 확인 중이오니, 이에 대한 안내를 shortly 후 제공드리겠습니다. 추가로 궁금한 사항이 있으시면 언제든지 말씀해 주세요.","1. 핵심 요약: 민원인은 특정 문항에서 자신의 자녀만 감점되었으며, 타 학생의 답안과 이름을 확인해 재심사를 요청하고 있습니다. 그러나 타 학생 자료 제공에 대한 동의나 근거가 확인되지 않았습니다.  
2. 1차 처리 방향: 추가확인  
3. 확인할 사항: 해당 문항의 채점 기준, 타 학생 자료 제공에 대한 법적 근거 또는 동의 여부, 해당 문항의 정답 및 채점 기준  
4. 처리 계획: 우선, 채점 기준과 관련된 자료를 확인하고, 법적 근거에 따라 타 학생 자료 제공 여부를 판단한 후, 필요한 경우 담당자와 협의하여 적절한 조치를 취할 예정입니다. 개인정보 처리에 있어 법적 절차를 준수하겠습니다.  
5. 회신 초안:  
민원인님, 안녕하세요.  
제시하신 내용에 대해 확인 중입니다. 해당 문항의 채점 기준과 타 학생 자료 제공에 대한 법적 근거 여부를 확인한 후, 적절한 조치를 취하겠습니다.  
필요한 경우 추가 확인을 드릴 수 있으니, 양해해 주시기 바랍니다.  
감사합니다."
SCB-P012,Public chat SFT,평가·기록,복합,담당자연계,평가기준 이의와 타 학생 답안 요구,추가확인,담당자연계,0,1,1,394,340,-54,12,0.18461538461538463,2,0.031746031746031744,4,0.1470588235294118,0.0,-0.1470588235294118,자신의 | 학교는 | 개인정보 | 열람 | 정정 | 삭제 | 처리정지,"1. 학생의 답은 동일하지만, 해당 학생만 감점된 상황에 대해 재심사를 요청하고 있다. 타 학생의 답안과 이름을 제공해 달라는 요구가 포함되어 있다.
2. 추가확인
3. 정식 이의제기가 접수되었고, 채점 기준 적용 차이는 확인 전이며, 타 학생 자료 제공에 대한 동의나 적법한 근거는 확인되지 않았다.
4. 우선적으로 정식 이의제기 절차에 따라 채점 기준을 재검토하고, 타 학생 자료 제공에 대한 적법한 근거를 확인할 것이다. 이에 대한 결과는 학교의 공식 이의제기 처리 절차에 따라 진행될 것이다.
5. 민원인의 요청에 대해 정식 이의제기 절차에 따라 채점 기준을 재검토하고, 타 학생 자료 제공에 대한 적법한 근거를 확인하겠다. 이에 대한 결과는 학교의 공식 이의제기 처리 절차에 따라 진행될 것이다.","1. 민원인은 특정 과목의 문항에서 다른 학생들과 동일한 답을 했음에도 불구하고 자신의 자녀만 감점된 점에 대해 재심사를 요청하고 있다. 이에 대해 학교는 정식 이의제기가 접수되었으나 타 학생 자료 제공에 대한 동의나 근거가 확인되지 않았다.
2. 담당자연계
3. 학교의 개인정보 처리 정책과 관련된 규정을 확인할 필요가 있다.
4. 학교는 개인정보 보호법에 따라 개인정보를 파기하고, 정보주체의 개인정보 열람, 정정·삭제, 처리정지 요구에 대해 법적 제한을 고려하여 처리할 것이다.
5. 민원인의 요청에 대해 학교는 개인정보 처리 정책과 관련된 규정을 검토하고, 법적 제한 사항을 고려하여 처리할 예정이다."
SCB-P013,Base,생활지도·관계갈등,단순,안내,교내 휴대전화 보관 안내,안내,안내,1,1,0,412,324,-88,2,0.03636363636363636,0,0.0,0,0.0,0.0,0.0,보호자에게 | 바랍니다,"1. 핵심 요약: 아이의 휴대전화 반환 시점에 대해 혼동이 있으며, 학급 안내에 따르면 종례 직후 본인이 가져간다. 현재 분실이나 반환 거부 사례는 없다.  
2. 1차 처리 방향: 안내  
3. 확인할 사항: 없음  
4. 처리 계획: 학급 안내에 따라 종례 직후 아이가 전화를 가져가도록 안내하고, 추가 문의 시 담당 교사와 연계하여 상세히 설명할 예정이다. 개인정보는 관련자만 접근 가능하며, 필요한 경우 학급 교사와 협의하여 확인할 예정이다.  
5. 회신 초안: 휴대전화 반환 시점에 대해 혼동이 있으신가요? 학급 안내에 따르면 등교 후 자율 보관함에 넣은 휴대전화는 종례 직후 본인이 가져가도록 하며, 현재 분실이나 반환 거부 사례는 없습니다. 추가 문의가 있으시면 학급 교사와 연락드릴 수 있습니다. 불편을 드려 죄송합니다.","1. 핵심 요약: 학생은 등교 후 자율 보관함에 넣은 휴대전화를 종례 직후 본인이 가져가며, 현재까지 분실이나 반환 거부 사례는 없다.  
2. 1차 처리 방향: 안내  
3. 확인할 사항: 없음  
4. 처리 계획: 우선적으로 학급 안내 내용을 재확인하여 정확한 반환 시점을 재확인하고, 필요 시 보호자에게 추가 안내를 제공할 예정이며, 개인정보는 보호하여 처리할 예정이다.  
5. 회신 초안: 안녕하세요. 학생이 등교 후 자율 보관함에 넣은 휴대전화는 종례 직후 본인이 가져가므로, 해당 시간에 반환해 주시면 됩니다. 추가 문의사항이 있으시면 언제든지 연락 주시기 바랍니다."
SCB-P013,Public chat SFT,생활지도·관계갈등,단순,안내,교내 휴대전화 보관 안내,안내,안내,1,1,0,190,202,12,5,0.12195121951219512,0,0.0,0,0.2571428571428571,0.2432432432432432,-0.013899613899613916,학생의 | 전화를 | 된다,"1. 학생은 등교 후 자율 보관함에 넣은 휴대전화를 종례 직후 본인이 가져가며, 현재 분실이나 반환 거부 사건은 없다.
2. 안내
3. 없음
4. 학생이 등교 후 자율 보관함에 넣은 휴대전화는 종례 직후 본인이 가져가며, 현재 분실이나 반환 거부 사건은 없다.
5. 학생이 등교 후 자율 보관함에 넣은 휴대전화는 종례 직후 본인이 가져간다.","1. 학생의 휴대전화 반환 시기는 종례 직후이며, 현재는 별도의 분실이나 반환 거부 사건이 없다.
2. 안내
3. 없음
4. 학생이 종례 직후 자율 보관함에서 전화를 가져가면 된다. 학교는 휴대전화 반환에 대한 구체적인 규정을 따르고 있다.
5. 학생은 종례 직후 자율 보관함에서 전화를 가져가면 된다. 학교는 휴대전화 반환에 대한 구체적인 규정을 따르고 있다."
SCB-P014,Base,생활지도·관계갈등,복합,안내,분실물 보관과 물병 세척,안내,안내,1,1,0,369,317,-52,2,0.037037037037037035,0,0.0,0,0.0,0.0,0.0,민원인의 | 안녕하세요,"1. 핵심 요약: 물병 분실물 확인을 요청하며, 물이 오래 남아 불편하다고 합니다. 확인 자료에 따르면 물병은 내용물만 비우고 보관하며 세척 서비스는 제공되지 않습니다.  
2. 1차 처리 방향: 안내  
3. 확인할 사항: 없음  
4. 처리 계획: 우선 분실물함 위치와 확인 시간을 안내하고, 물병 세척 서비스 미제공 사실을 재확인하여 민원인에게 정확한 정보를 제공합니다. 개인정보는 처리하지 않습니다.  
5. 회신 초안: 분실물 확인은 본관 1층 분실물함에서 평일 8시 30분부터 16시까지 가능합니다. 물병은 내용물만 비우고 보관되며, 세척 서비스는 제공되지 않습니다. 불편을 겪으셨다면, 추가 문의나 조치가 필요하시면 언제든지 연락 주시기 바랍니다.","1. 핵심 요약: 물병 분실물 확인 요청 및 세척 여부 문의. 확인 자료에 따르면 분실물함에 보관되며 세척 서비스는 제공되지 않음.  
2. 1차 처리 방향: 안내. 민원인의 요청 사항은 확인 자료에 명시된 내용으로 대응 가능.  
3. 확인할 사항: 없음.  
4. 처리 계획: 우선 분실물함 위치 안내 및 세척 서비스 미제공 사실 전달. 개인정보 처리에 문제가 없음.  
5. 회신 초안: 안녕하세요. 분실물은 본관 1층 분실물함에 보관되어 있으며, 물병은 내용물만 비우고 보관되므로 세척 서비스는 제공되지 않습니다. 확인하시기 바랍니다. 불편을 드려 죄송합니다."
SCB-P014,Public chat SFT,생활지도·관계갈등,복합,안내,분실물 보관과 물병 세척,추가확인,추가확인,0,0,0,312,275,-37,2,0.03508771929824561,0,0.0,0,0.31746031746031744,0.16981132075471694,-0.1476489967056005,내용은 | 민원인의,"1. 민원인은 분실물 찾기와 물병 세척에 대해 문의했다. 본관 1층 분실물함에 일반 분실물이 보관되며 물병은 내용물만 비우고 보관되며 세척 서비스는 제공되지 않는다.
2. 추가확인
3. 분실물함 위치와 물병 세척 서비스 여부
4. 우선 분실물함 위치를 안내하고, 물병 세척 서비스는 하지 않는다. 분실물함은 본관 1층에 있으며, 물병은 내용물만 비우고 보관되며 세척 서비스는 제공되지 않는다.
5. 민원인은 분실물 찾기와 물병 세척에 대해 문의했다. 본관 1층 분실물함에 일반 분실물이 보관되며 물병은 내용물만 비우고 보관되며 세척 서비스는 제공되지 않는다.","1. 민원인은 분실물 찾기와 물병 세척에 대해 문의했다. 확인된 내용은 분실물은 본관 1층 분실물함에 두고 물병은 내용물만 비우고 보관하며 세척 서비스는 제공하지 않는다.
2. 추가확인
3. 분실물함 위치와 물병 세척 서비스 여부
4. 우선 분실물함 위치를 안내하고, 물병 세척 서비스는 제공하지 않음을 설명한다. 개인정보는 민원인의 이름과 연락처만 수집하고, 처리 후 즉시 파기한다.
5. 분실물은 본관 1층 분실물함에 두고, 물병은 내용물만 비우고 보관하며 세척 서비스는 제공하지 않는다."
SCB-P015,Base,생활지도·관계갈등,단순,추가확인,쉬는 시간 말다툼 상담,추가확인,추가확인,1,1,0,405,534,129,20,0.20618556701030927,0,0.0,0,0.01538461538461533,0.0,-0.01538461538461533,언제 | 어떻게 | 어떤 | 있었는지 | 상담을 | 사실관계를 | 파악하고 | 학교폭력 | 사안처리 | 따라 | 관계회복 | 프로그램,"1. 핵심 요약: 아이가 친구와 말다툼 후 속상해하며, 친구가 잘못했다고 선생님의 해명을 원한다. 현재 신체적 피해는 없는 상태이다.  
2. 1차 처리 방향: 추가확인  
3. 확인할 사항: 말다툼의 구체적인 내용, 발생 시간, 반복 여부, 관련된 교사의 대응 여부  
4. 처리 계획: 먼저 발생 경위를 확인한 후, 관련 교사와 협의하여 적절한 해명과 조치를 취할 예정이며, 개인정보는 엄격히 보호하여 처리할 예정이다.  
5. 회신 초안: 민원인님, 아이가 친구와 말다툼 후 속상하셨다는 말씀을 전해 듣고 걱정이 됩니다. 현재 신체적 피해는 없는 것으로 확인되었으나, 구체적인 경위를 파악하기 위해 추가 확인이 필요합니다. 확인 후 관련 교사와 협의하여 적절한 해명과 조치를 취하겠습니다. 양해해 주시면 감사하겠습니다.","1. 핵심 요약: 아이가 친구와 말다툼 후 속상해 보호자가 선생님의 개입을 요청했으나, 구체적인 발생 시간과 발언 내용, 반복 여부 등이 확인되지 않았다.  
2. 1차 처리 방향: 추가확인  
3. 확인할 사항: 말다툼이 언제, 어떻게 발생했는지, 어떤 발언이 있었는지, 반복 여부, 친구의 행동이 아이에게 어떤 영향을 주었는지.  
4. 처리 계획: 우선 보호자와의 상담을 통해 상세한 사실관계를 파악하고, 학교폭력 사안처리 절차에 따라 관계회복 프로그램 참여 여부를 확인하며, 필요 시 심리상담을 연계할 예정이다. 개인정보는 보호자 동의 하에만 공유할 예정이다.  
5. 회신 초안:  
보호자님, 아이가 친구와 말다툼 후 속상하셨다는 말씀을 들었습니다. 많은 걱정과 마음이 있으셨을 텐데, 이해해 주셔서 감사합니다.  
현재 상황에 대한 구체적인 내용(발생 시간, 발언 내용, 반복 여부 등)을 확인해 보고, 학교폭력 사안처리 절차에 따라 적절한 조치를 취할 예정입니다.  
추가로 확인이 필요하다면 언제든지 연락 주시기 바랍니다.  
감사합니다."
SCB-P015,Public chat SFT,생활지도·관계갈등,단순,추가확인,쉬는 시간 말다툼 상담,추가확인,추가확인,1,1,0,274,453,179,23,0.23711340206185566,0,0.0,0,0.022222222222222254,0.33333333333333337,0.3111111111111111,학교는 | 학교장은 | 파악하고 | 학교폭력 | 사안처리 | 학교장 | 자체해결 | 관계회복 | 프로그램 | 심의위원회 | 심리 | 치료,"1. 학생 간 말다툼으로 인한 감정적 불편을 호소하며, 선생의 중재를 요청하고 있다. 현재 신체적 위협은 없으나 정서적 문제로 판단된다.
2. 추가확인
3. 학생 간 말다툼의 구체적인 내용과 발생 시간, 반복 여부, 친구의 발언 내용을 확인해야 한다.
4. 학교 담당 선생과 연계하여 학생 간 대화를 조정하고, 학생들의 정서를 관찰하며, 필요 시 상담을 제공할 계획이다.
5. 민원인의 요청에 따라 학교 담당 선생과 연계하여 학생 간 대화를 조정하고, 정서적 문제에 대한 상담을 제공하겠다.","1. 민원인은 자녀가 친구와 말다툼 후 속상해하며 학교에 조치를 요청했다. 학교는 현재 신체 위협이나 다침은 없고, 발생 시간과 발언 내용이 불확실하다.
2. 추가확인
3. 발생 시간과 발언 내용, 반복 여부, 신체 위협 여부
4. 학교장은 민원인과 상담하여 자녀의 상황을 파악하고, 학교폭력 사안처리 가이드북에 따라 학교장 자체해결, 관계회복 프로그램 참여, 심의위원회 개최 등의 절차를 안내할 것이다. 학교폭력 제로센터에 연락하여 심리·치료 지원을 받을 수 있도록 안내할 것이다.
5. 민원인은 자녀가 친구와 말다툼 후 속상해하며 학교에 조치를 요청했다. 학교는 현재 신체 위협이나 다침은 없고, 발생 시간과 발언 내용이 불확실하다. 학교장은 민원인과 상담하여 자녀의 상황을 파악하고, 학교폭력 사안처리 가이드북에 따라 학교장 자체해결, 관계회복 프로그램 참여, 심의위원회 개최 등의 절차를 안내할 것이다."
SCB-P016,Base,생활지도·관계갈등,복합,추가확인,자리 배치와 반복 소외 우려,추가확인,추가확인,1,1,0,461,495,34,9,0.10975609756097561,0,0.0,0,0.0,0.02564102564102566,0.02564102564102566,면담을 | 교육지원청의 | 학교폭력 | 따라 | 학부모님,"1. 핵심 요약: 아이가 자리 변경 후 친구들에 의해 배제된다고 주장하며, 원래 자리로 복귀와 연락처 공개를 요청함. 그러나 구체적 사례와 동의 여부는 확인되지 않음.  
2. 1차 처리 방향: 추가확인. 민원인의 주장에 대한 구체적 사례와 연락처 공개에 대한 동의 여부 확인이 필요함.  
3. 확인할 사항: 자리 변경 시점과 배제 행동의 구체적 사례, 해당 아이들의 연락처 공개에 대한 동의 여부.  
4. 처리 계획: 우선 해당 사례를 담당 교사와 연계하여 상황을 확인하고, 필요한 경우 관련 아이들의 연락처 공개 여부를 재확인한 후 조치 예정. 개인정보는 관련자만 접근 가능하도록 관리.  
5. 회신 초안: ""민원인의 말씀 잘 알겠습니다. 해당 사례에 대해 담당 교사와 확인 후 조치하겠습니다. 구체적인 사례와 연락처 공개 여부 등 추가 확인이 필요하므로, 확인 후 안내드리겠습니다. 양해해 주시면 감사하겠습니다.""","1. 핵심 요약: 아이가 자리 변경 후 친구들과 빼는 상황이라며 연락처를 요청했으나, 구체적 사례와 동의 여부는 확인되지 않았다.  
2. 1차 처리 방향: 추가확인  
3. 확인할 사항: 자리 변경 시점과 배제 행동의 구체적 사례, 관련 학생의 연락처 공개에 대한 동의 여부  
4. 처리 계획: 우선 학교 내 해당 학생과 면담을 통해 사실을 확인하고, 필요 시 교육지원청의 학교폭력 전담조사관과 협력하여 조사할 예정이며, 개인정보는 관련 규정에 따라 엄격히 관리할 예정이다.  
5. 회신 초안:  
학부모님, 민원 접수 되었습니다. 현재 아이가 자리 변경 후 친구들과 빼는 상황이라 말씀하셨으나, 구체적 사례와 연락처 공개에 대한 동의 여부는 확인되지 않았습니다. 이에 따라 학교 내 해당 학생과 면담을 통해 사실을 확인하고, 필요 시 교육지원청의 전담조사관과 협력하여 조사할 예정입니다. 개인정보는 관련 규정에 따라 엄격히 관리하겠습니다. 확인이 완료되면 추가 안내드리겠습니다."
SCB-P016,Public chat SFT,생활지도·관계갈등,복합,추가확인,자리 배치와 반복 소외 우려,추가확인,담당자연계,1,0,1,381,537,156,20,0.20618556701030927,8,0.08421052631578947,4,0.2784810126582279,0.23655913978494625,-0.04192187287328164,확인한 | 학교장은 | 학교폭력대책심의위원회 | 의결 | 시까지 | 관계회복을 | 위한 | 프로그램을 | 운영할 | 요구에,"1. 학교의 자리 변경과 배제 행동에 대한 구체적 사례는 확인되지 않았으며, 위협이나 다침에 대한 보고도 없고 연락처 공개에 대한 동의도 확인되지 않았다.
2. 추가확인
3. 자리 변경 시점과 배제 행동의 구체적 사례, 위협이나 다침에 대한 보고, 연락처 공개에 대한 동의 여부
4. 학교는 자리 변경과 배제 행동에 대한 구체적 사례를 확인하고, 위협이나 다침에 대한 보고를 받으며, 연락처 공개에 대한 동의 여부를 확인할 것이다. 확인된 사항에 따라 필요한 조치를 취할 것이다.
5. 학교는 자리 변경과 배제 행동에 대한 구체적 사례를 확인하고, 위협이나 다침에 대한 보고를 받으며, 연락처 공개에 대한 동의 여부를 확인할 것이다. 확인된 사항에 따라 필요한 조치를 취할 것이다.","1. 민원인은 자리를 바꾼 뒤 친구들이 아이를 빼고 논다고 주장하며, 원래대로 자리가 되돌아가고 관련 아이들의 연락처를 받고자 한다. 그러나 접수 기록에 따르면 배제 행동의 구체적 사례는 확인되지 않았고, 위협이나 다침에 대한 보고도 없으며, 연락처 공개에 동의한 사람도 없다.
2. 담당자연계
3. 가해학생의 배제 행동 여부, 피해학생의 안전 상태, 학교폭력대책심의위원회의 조치 가능성
4. 학교폭력대책심의위원회에 가해학생의 배제 행동을 보고하고, 피해학생의 안전을 확인한 후 학교폭력제로센터를 통해 치유 지원을 제공할 계획이다. 학교장은 학교폭력대책심의위원회 의결 시까지 긴급 조치를 취할 수 있으며, 학생들의 관계회복을 위한 프로그램을 운영할 수 있다.
5. 민원인의 요구에 대해 학교장은 학교폭력대책심의위원회에 가해학생의 배제 행동을 보고하고, 피해학생의 안전을 확인한 후 학교폭력제로센터를 통해 치유 지원을 제공할 계획이다. 학교장은 학교폭력대책심의위원회 의결 시까지 긴급 조치를 취할 수 있으며, 학생들의 관계회복을 위한 프로그램을 운영할 수 있다."
SCB-P017,Base,생활지도·관계갈등,단순,담당자연계,오늘 발생한 폭행 위협,추가확인,안내,0,0,1,362,427,65,3,0.041666666666666664,0,0.0,0,0.036363636363636376,0.02941176470588236,-0.006951871657754016,소통을 | 드릴 | 있도록,"1. 핵심 요약: 아이가 하교길에 혼자 기다리고 있으며, 위협 메시지를 받았다는 내용입니다. 현재 발신자 신원 및 사실관계 조사 중입니다.  
2. 1차 처리 방향: 추가확인  
3. 확인할 사항: 위협 메시지의 내용과 발신자와의 관계, 아이의 현재 안전 상태 및 보호자 연락처 확인  
4. 처리 계획: 우선 아이의 안전을 확인하고, 보호자와의 협의를 통해 상황을 파악한 후, 관련 조사 절차에 들어갑니다. 개인정보는 보호자 동의 하에만 공유할 예정입니다.  
5. 회신 초안: 민원인의 우려에 깊이 감사드리며, 현재 아이의 안전을 확인하고 보호자와의 협의를 통해 상황을 파악하고 있습니다. 추가 확인이 필요하다면 언제든지 연락 주시기 바랍니다.","1. 핵심 요약: 학생이 위협 메시지를 받고 교내에서 혼자 기다리고 있으며, 발신자 신원 및 사실관계 조사 중입니다.  
2. 1차 처리 방향: 안내  
3. 확인할 사항: 없음  
4. 처리 계획: 우선 학생을 안전하게 확인하고, 보호자와의 소통을 통해 현재 상태를 파악한 후, 관련 부서와 협력하여 조치를 진행합니다. 개인정보는 필요한 범위 내에서만 공유하며, 보호자와의 협력을 통해 상황을 안정적으로 관리하겠습니다.  
5. 회신 초안:  
보호자님, 안녕하세요. 아이가 위협 메시지를 받고 교내에서 혼자 기다리고 있다는 말씀을 들었습니다. 현재 학생의 안전을 최우선으로 확인하고 있으며, 관련 부서와 협력하여 상황을 신속히 파악하겠습니다. 보호자님의 걱정을 잘 이해합니다. 이후 상황에 따라 보호자님께 자세한 안내를 드릴 수 있도록 하겠습니다. 감사합니다."
SCB-P017,Public chat SFT,생활지도·관계갈등,단순,담당자연계,오늘 발생한 폭행 위협,담당자연계,담당자연계,1,1,0,300,352,52,5,0.07352941176470588,0,0.0,0,0.12962962962962965,0.25,0.12037037037037035,보호자의 | 보호자와 | 법적,"1. 학생이 위협 메시지를 받은 상황에서 학교는 학생의 안전을 최우선으로 고려하고 있다. 현재 학생의 위치와 보호자가 확인되었으나, 메시지 발신자의 신원과 사실관계 조사는 진행 중이다.
2. 담당자연계
3. 학생의 안전 확보와 메시지 발신자의 신원 확인
4. 학생을 안전한 장소로 이동시키고, 보호자를 통해 학생의 안전을 지켜내며, 메시지 발신자의 신원과 사실관계를 조사할 예정이다.
5. 학생의 안전을 최우선으로 하여 즉시 안전한 장소로 이동시키고, 보호자를 통해 학생의 안전을 지켜내며, 메시지 발신자의 신원과 사실관계를 조사하겠다.","1. 학생이 위협 메시지를 받고 안전이 위협받고 있다. 학교는 현재 학생의 위치와 보호자 연락처를 확인했으나, 발신자 신원과 사실관계 조사는 진행 중이다.
2. 담당자연계
3. 학생의 현재 상태와 보호자의 안전 대응 계획, 발신자 신원 확인 및 사실관계 조사 진행 여부
4. 학생의 안전을 최우선으로 하여 보호자와 협의하여 즉각적인 대응 계획을 수립하고, 학교 내부 조사를 통해 사실관계를 명확히 하며, 필요한 경우 법적 조치를 검토할 예정이다.
5. 학교는 학생의 안전을 최우선으로 하여 보호자와 협의하여 즉각적인 대응 계획을 수립하고, 학교 내부 조사를 통해 사실관계를 명확히 하며, 필요한 경우 법적 조치를 검토할 예정이다."
SCB-P018,Base,생활지도·관계갈등,복합,담당자연계,반복 금품 요구와 대질 요구,추가확인,추가확인,0,0,0,461,425,-36,11,0.14864864864864866,0,0.0,0,0.0,0.0714285714285714,0.0714285714285714,자리에 | 확인한 | 학교폭력 | 따라 | 피해학생을 | 등을 | 확인해,"1. 핵심 요약: 학생이 몇 주 동안 금품을 요구받았다는 주장이 있으며, 해당 학생들을 불러 따지기로 했다는 내용입니다. 그러나 공개 게시 전 당사자 동의가 확인되지 않았습니다.  
2. 1차 처리 방향: 추가확인  
3. 확인할 사항: 금품 요구가 발생한 구체적인 시간, 대상 학생의 이름, 해당 학생의 현재 안전 상태, 공개 게시에 대한 당사자 동의 여부  
4. 처리 계획: 우선 해당 학생의 안전 상태를 확인하고, 공개 게시 전 당사자 동의 여부를 재확인한 후, 관련 담당자와 협의하여 적절한 조치를 취할 예정입니다. 개인정보는 엄격히 보호하여 처리하겠습니다.  
5. 회신 초안: 민원인의 우려를 잘 이해합니다. 현재 해당 학생의 안전 상태와 관련된 추가 확인이 필요하다는 점을 안내드릴 수 있도록 하겠습니다. 공개 게시 전 당사자 동의 여부도 확인하여, 적절한 조치를 취하겠습니다. 확인 후 다시 연락드리겠습니다.","1. 핵심 요약: 학생이 돈을 요구받았다는 주장이 있으며, 해당 학생들을 한 자리에 불러 대화하는 계획이 있으나, 공개 게시 전 학생 동의가 확인되지 않았다.  
2. 1차 처리 방향: 추가확인  
3. 확인할 사항: 요구 횟수, 상대학생, 현재 안전 상태  
4. 처리 계획: 요구 횟수와 상대학생, 현재 안전 상태를 확인한 후, 학교폭력 대응 가이드북에 따라 피해학생을 별도로 상담하고, 공개 게시 시 학생 동의를 확인할 계획이다.  
5. 회신 초안:  
민원인님, 보호자님의 말씀을 잘 전달드리겠습니다. 학생이 돈을 요구받았다는 내용에 대해, 요구 횟수와 상대학생, 현재 안전 상태 등을 확인해 보고, 학교폭력 대응 가이드북에 따라 피해학생을 별도로 상담하고, 공개 게시 시 학생 동의 여부를 확인하겠습니다. 확인된 사항에 따라 추가 안내 드리겠습니다."
SCB-P018,Public chat SFT,생활지도·관계갈등,복합,담당자연계,반복 금품 요구와 대질 요구,추가확인,추출불가,0,0,1,277,208,-69,8,0.2,0,0.0,0,0.24528301886792447,0.0,-0.24528301886792447,학생들의 | 자리에 | 모아 | 정신적 | 피해를 | 확인한 | 조치를,"1. 학생들이 반복적으로 금품을 요구받았고, 학교는 해당 학생들을 불러 상담하고 대화 화면을 공개하겠다는 입장이다. 학교는 요구 횟수와 상대, 현재 안전 상태에 대해 추가 확인이 필요하다고 밝혔다.
2. 추가확인
3. 요구 횟수와 상대, 현재 안전 상태
4. 학교는 학생들을 불러 상담하고 대화 화면을 공개할 계획이며, 요구 횟수와 상대, 현재 안전 상태를 확인할 예정이다.
5. 학교는 학생들을 불러 상담하고 대화 화면을 공개할 계획이며, 요구 횟수와 상대, 현재 안전 상태를 확인할 예정이다.","1. 학생들이 반복적으로 금품을 요구받았고, 학교는 이를 확인하고 대화 화면을 공개할 예정이다. 2. 담당자 연계 3. 학생들의 요구 횟수와 상대, 현재 안전 상태 4. 학교는 학생들을 한 자리에 모아 상담하고, 피해학생의 정신적 피해를 확인한 후 조치할 계획이다. 5. 민원인의 우려를 수용하며, 학교는 학생들의 안전을 최우선으로 고려하여 상담과 조치를 진행할 예정이다."
SCB-P019,Base,급식·보건,단순,안내,변경된 급식 메뉴,안내,안내,1,1,0,365,392,27,4,0.057971014492753624,0,0.0,0,0.0,0.0461538461538461,0.0461538461538461,민원인에게 | 도울 | 필요한 | 바랍니다,"1. 핵심 요약: 오늘 후식이 사과에서 배로 변경되었으며, 해당 변경 사항은 급식 게시판에 공지된 상태입니다. 아이가 실망했음을 알리고 있습니다.  
2. 1차 처리 방향: 안내  
3. 확인할 사항: 없음  
4. 처리 계획: 우선적으로 급식 게시판에 공지된 변경 사항을 재확인하고, 해당 메뉴 변경 내용을 보호자에게 안내하여 실망감을 해소할 예정입니다. 개인정보는 해당 아이의 식이 요청 여부 등이 없으므로 처리 시 주의하겠습니다.  
5. 회신 초안: 오늘 급식 후식이 사과에서 배로 변경되었음을 안내드렸으며, 해당 내용은 급식 게시판에 공지되었습니다. 아이의 식사에 불편을 드려 죄송합니다. 앞으로도 메뉴 변경 시 신속히 안내드리도록 하겠습니다.","1. 핵심 요약: 오늘 후식이 사과에서 배로 변경되었으며, 해당 변경 사항은 급식 게시판에 공지된 상태입니다. 아이가 실망했음을 전달받았습니다.  
2. 1차 처리 방향: 안내  
3. 확인할 사항: 없음  
4. 처리 계획: 우선으로 급식 게시판에 공지된 변경 사항을 재확인하고, 해당 메뉴 변경 사항을 민원인에게 정확히 전달하여 이해를 도울 예정입니다. 개인정보는 처리하지 않으며, 필요한 경우 추가 문의사항이 있을 경우 연계할 예정입니다.  
5. 회신 초안: 오늘 급식의 후식이 사과에서 배로 변경되었음을 안내드린 바 있으며, 해당 변경 사항은 급식 게시판에 공지된 상태입니다. 아이가 실망하셨다는 말씀을 전해 주셔서 감사드리며, 보다 자세한 내용이 궁금하시다면 언제든지 연락 주시기 바랍니다."
SCB-P019,Public chat SFT,급식·보건,단순,안내,변경된 급식 메뉴,추가확인,안내,0,1,1,398,213,-185,3,0.07142857142857142,0,0.0,0,0.13414634146341464,0.0,-0.13414634146341464,민원인에게 | 확인해,"1. 학교 급식 메뉴 변경으로 인해 아이가 실망했으며, 오늘 실제 후식이 사과에서 배로 변경되었다는 사실이 확인되었다.
2. 추가확인
3. 오늘 급식 메뉴 변경 사항을 확인할 수 있는 경로가 있는지, 아이가 급식 메뉴 변경에 대해 불만을 토로한 적이 있는지
4. 급식 메뉴 변경 사항을 확인한 후, 아이에게 급식 메뉴 변경 사항을 안내하고, 급식 게시판에 변경 사항이 올라왔는지 확인할 것이다. 또한, 아이가 급식 메뉴 변경에 대해 불만을 토로한 적이 있는지 확인한 후, 필요시 학교 식사 조정 담당자에게 문의할 것이다.
5. 민원인이 급식 메뉴 변경에 대해 불만을 토로했다면, 학교 식사 조정 담당자에게 문의하여 해당 아이에게 급식 메뉴 변경 사항을 안내하고, 급식 게시판에 변경 사항이 올라왔는지 확인하겠다.","1. 민원인은 급식 메뉴 변경에 대해 불만을 제기했으며, 확인 자료에 따르면 후식이 사과에서 배로 변경되었고, 다른 메뉴는 동일하다. 2. 담당자 연계 3. 변경 사항, 급식 게시판 안내 확인 4. 급식 메뉴 변경 사항을 확인하고, 해당 사항을 민원인에게 안내할 예정이다. 5. 민원인에게 급식 메뉴 변경 사항을 안내하고, 급식 게시판에 변경 사항이 안내되어 있음을 확인해 주었다."
SCB-P020,Base,급식·보건,복합,안내,식단표와 건의 경로,안내,안내,1,1,0,384,444,60,3,0.038461538461538464,0,0.0,0,0.0,0.0,0.0,게시판 | 학부모님께 | 개선에,"1. 핵심 요약: 급식 식단표 확인 위치와 매운 반찬 줄이기 의견 제출 방법이 궁금하다. 현재 식단 변경은 결정되지 않았다.  
2. 1차 처리 방향: 안내  
3. 확인할 사항: 없음  
4. 처리 계획: 우선 주간 식단 확인 방법을 안내하고, 의견 제출 방법을 설명한다. 개인정보는 수집하지 않으며, 관련 담당자와의 협의 후 추가 조치를 진행할 예정이다.  
5. 회신 초안: 안녕하세요, 급식 식단표는 학교 누리집의 급식 게시판에서 확인하실 수 있으며, 메뉴에 대한 의견은 같은 게시판의 비공개 건의 기능을 통해 제출해 주시면 됩니다. 현재 식단 변경 여부는 결정되지 않았으나, 의견 접수는 가능합니다. 보다 자세한 문의는 학교 식당 담당자에게 연락하시면 도움을 드릴 수 있습니다.","1. 핵심 요약: 주간 식단은 누리집 급식 게시판에서 확인 가능하며, 반찬 의견은 비공개 건의 기능으로 제출 가능하다. 현재 식단 변경은 결정되지 않았다.  
2. 1차 처리 방향: 안내  
3. 확인할 사항: 없음  
4. 처리 계획: 우선으로 급식 게시판 위치를 안내하고, 건의 방법을 설명한다. 개인정보는 수집하지 않으며, 추가 문의 시 담당자 연계하여 상세히 안내할 예정이다.  
5. 회신 초안:  
학부모님께  
안녕하세요. 급식 식단표는 학교 누리집의 급식 게시판에서 확인하실 수 있으며, 반찬에 대한 의견은 같은 게시판의 비공개 건의 기능을 통해 제출해 주시면 됩니다. 현재 식단 변경 여부는 결정되지 않았으나, 앞으로의 식단 개선에 대한 의견은 언제든지 제시해 주시기 바랍니다. 궁금한 사항이 있으시면 학교 식당 담당자에게 문의하시면 자세히 안내해 드리겠습니다.  
감사합니다."
SCB-P020,Public chat SFT,급식·보건,복합,안내,식단표와 건의 경로,안내,안내,1,1,0,308,219,-89,1,0.021739130434782608,0,0.0,0,0.25,0.0,-0.25,식단표,"1. 학교 누리집 급식 게시판에서 주간 식단을 확인할 수 있으며, 비공개 건의 기능을 통해 식단에 대한 의견을 제시할 수 있다. 현재 식단 변경은 결정되지 않았다.
2. 안내
3. 없음
4. 학교 누리집 급식 게시판에서 주간 식단을 확인할 수 있으며, 비공개 건의 기능을 통해 식단에 대한 의견을 제시할 수 있다. 현재 식단 변경은 결정되지 않았다.
5. 급식 식단은 학교 누리집의 급식 게시판에서 확인할 수 있으며, 식단에 대한 의견은 비공개 건의 기능을 통해 제시할 수 있다. 현재 식단 변경은 결정되지 않았으니, 추후 변경이 결정되면 안내하겠다.","1. 급식 식단표 위치와 매운 반찬 줄이기 의견을 요청했다. 주간 식단은 누리집 급식 게시판에서 확인 가능하며, 의견은 비공개 건의 기능으로 접수한다.
2. 안내
3. 없음
4. 급식 게시판에서 식단 확인, 비공개 건의 기능으로 의견 제출, 식단 변경은 추후 결정될 예정이다.
5. 급식 식단은 학교 누리집의 급식 게시판에서 확인할 수 있으며, 건의 사항은 비공개 건의 기능을 통해 접수한다."
SCB-P021,Base,급식·보건,단순,추가확인,급식 후 일회성 불편 신고,추가확인,추가확인,1,1,0,445,451,6,1,0.012048192771084338,0,0.0,0,0.0,0.012658227848101222,0.012658227848101222,없습니다,"1. 핵심 요약: 아이가 어제 급식에 이상을 느꼈고, 구체적인 메뉴나 식사 시점은 확인되지 않았다. 현재 아이는 신체 증상이 없다고 보호자가 밝혔다.  
2. 1차 처리 방향: 추가확인  
3. 확인할 사항: 아이가 어떤 메뉴를 섭취했는지, 식사 시점(시간대)과 메뉴의 이상 사항(맛, 냄새, 이물 등)을 구체적으로 알려줄 수 있는지.  
4. 처리 계획: 우선 해당 급식 메뉴와 식사 시간을 확인한 후, 식품위생 담당자와 연계해 조치를 취할 예정이며, 아이의 건강 상태를 지속적으로 모니터링할 계획이다.  
5. 회신 초안: 보호자님, 아이가 어제 급식에 이상을 느꼈다는 말씀을 전해 주셔서 감사합니다. 구체적인 메뉴와 식사 시간, 이상 사항을 확인해 주시면 더욱 신속한 조치가 가능할 것입니다. 현재 아이의 건강 상태는 걱정되시는 마음 잘 알고 있으며, 관련 담당자와 확인 후 조치하겠습니다.","1. 핵심 요약: 아이가 어제 급식 중 이상을 느꼈으나 구체적인 메뉴나 식사 시점은 확인되지 않았습니다. 현재 아이는 신체 증상이 없습니다.  
2. 1차 처리 방향: 추가확인  
3. 확인할 사항: 아이가 어떤 메뉴를 섭취했는지, 식사 시점(시간, 구체적인 메뉴명)을 확인해 주시기 바랍니다.  
4. 처리 계획: 우선 급식소의 위생 관리 여부를 확인하고, 메뉴별 검사를 진행합니다. 담당자와 연계하여 추가 조치를 취할 예정입니다. 개인정보는 보호하여 처리하겠습니다.  
5. 회신 초안:  
보호자님, 민원 접수 되었습니다. 아이가 어제 급식 중 이상을 느꼈으며, 구체적인 메뉴나 식사 시점이 확인되지 않았습니다. 현재 아이는 신체 증상이 없어 보입니다. 메뉴와 식사 시점을 확인해 주시면 더 정확한 조치가 가능합니다. 확인해 주셔서 감사드리며, 추가 문의사항이 있으시면 언제든지 연락 주시기 바랍니다."
SCB-P021,Public chat SFT,급식·보건,단순,추가확인,급식 후 일회성 불편 신고,추가확인,추가확인,1,1,0,1526,340,-1186,12,0.16901408450704225,0,0.0,0,0.8287292817679558,0.23880597014925375,-0.589923311618702,위생관리 | 위생개념에 | 따라 | 작업 | 조리장의 | 조리장,"1. 보호자는 아이가 어제 급식이 이상했다고 주장했으나, 구체적인 메뉴와 식사 시점은 확인되지 않았다. 아이는 현재 신체 증상이 없다고 했다.
2. 추가확인
3. 아이가 어떤 메뉴를 먹었는지, 식사 시점은 언제인지, 어떤 증상이 있는지, 급식이 이상한 이유는 무엇인지, 급식이 이상한 메뉴는 어떤 메뉴인지, 급식이 이상한 메뉴의 맛과 냄새는 어떤지, 급식이 이상한 메뉴에 이물이 섞여 있는지, 급식이 이상한 메뉴의 사진은 있는지, 급식이 이상한 메뉴의 사진을 보여주면 어떤 반응을 하는지, 급식이 이상한 메뉴의 사진을 보여주면 어떤 반응을 하는지, 급식이 이상한 메뉴의 사진을 보여주면 어떤 반응을 하는지, 급식이 이상한 메뉴의 사진을 보여주면 어떤 반응을 하는지, 급식이 이상한 메뉴의 사진을 보여주면 어떤 반응을 하는지, 급식이 이상한 메뉴의 사진을 보여주면 어떤 반응을 하는지, 급식이 이상한 메뉴의 사진을 보여주면 어떤 반응을 하는지, 급식이 이상한 메뉴의 사진을 보여주면 어떤 반응을 하는지, 급식이 이상한 메뉴의 사진을 보여주면 어떤 반응을 하는지, 급식이 이상한 메뉴의 사진을 보여주면 어떤 반응을 하는지, 급식이 이상한 메뉴의 사진을 보여주면 어떤 반응을 하는지, 급식이 이상한 메뉴의 사진을 보여주면 어떤 반응을 하는지, 급식이 이상한 메뉴의 사진을 보여주면 어떤 반응을 하는지, 급식이 이상한 메뉴의 사진을 보여주면 어떤 반응을 하는지, 급식이 이상한 메뉴의 사진을 보여주면 어떤 반응을 하는지, 급식이 이상한 메뉴의 사진을 보여주면 어떤 반응을 하는지, 급식이 이상한 메뉴의 사진을 보여주면 어떤 반응을 하는지, 급식이 이상한 메뉴의 사진을 보여주면 어떤 반응을 하는지, 급식이 이상한 메뉴의 사진을 보여주면 어떤 반응을 하는지, 급식이 이상한 메뉴의 사진을 보여주면 어떤 반응을 하는지, 급식이 이상한 메뉴의 사진을 보여주면 어떤 반응을 하는지, 급식이 이상한 메뉴의 사진을 보여주면 어떤 반응을 하는지, 급식이 이상한 메뉴의 사진을 보여주면 어떤 반응을 하는지, 급식이 이상한 메뉴의 사진을 보여주면 어떤 반응을 하는지, 급식이 이상한 메뉴의 사진을 보여주면 어떤 반응을 하는지, 급식이 이상한 메뉴의 사진을 보여주면 어떤 반응을 하는지, 급식이 이상한 메뉴의 사진을 보여주면 어떤 반응을 하는지, 급식이 이상한 메뉴의 사진을 보여주면 어떤 반응을 하는지, 급식이 이상한 메뉴의 사진을 보여주면 어떤 반응을 하는지, 급식이 이상한 메뉴의 사진을 보여주면 어떤 반응을 하는지, 급식이 이상한 메뉴의 사진을 보여주면 어떤 반응을 하는지, 급식이 이상한 메뉴의 사진을 보여주면 어떤 반응을 하는지, 급식이 이상한 메뉴의 사진을 보여주면 어떤 반응을 하는지, 급식이 이상한 메뉴의 사진을 보여주면 어떤 반응을 하는지, 급식이 이상한 메뉴의 사진을 보여주면 어떤 반응을 하는지, 급식이 이상한 메뉴의 사진을 보여주면 어떤 반응을 하는지, 급식이 이상한 메뉴의 사진을 보여주면 어떤 반응을 하는지, 급식이 이상한 메뉴의 사진을 보여주면 어떤 반응을 하는지, 급식이 이상한 메뉴의 사진을 보여주면 어떤 반응을 하는지","1. 급식이 이상하다는 민원이 제기되었으나, 메뉴와 식사 시점은 확인되지 않았다. 학교의 급식 위생관리 지침서에 따르면 조리장은 위생개념에 따라 설계되어야 하며, 작업 구역을 분리해야 한다.
2. 추가확인
3. 급식이 이상한 메뉴와 식사 시점, 민원인의 아이의 증상
4. 급식 위생관리 지침서에 따라 조리장의 위생 상태를 확인하고, 필요 시 조리장 관리 담당자와 연락하여 상세한 사항을 파악할 것이다.
5. 민원인의 아이가 급식이 이상했다는 민원이 제기되었으나, 메뉴와 식사 시점은 확인되지 않았다. 학교의 급식 위생관리 지침서에 따르면 조리장은 위생개념에 따라 설계되어야 하며, 작업 구역을 분리해야 한다."
SCB-P022,Base,급식·보건,복합,추가확인,보건실 방문 안내 누락과 귀가 시간,추가확인,추가확인,1,1,0,429,440,11,1,0.011904761904761904,0,0.0,0,0.09210526315789469,0.012499999999999956,-0.07960526315789473,안녕하세요,"1. 핵심 요약: 아이가 지난주 보건실 방문 후 하교 시간이 달라졌고, 연락이 닿지 않았다는 주장. 현재 아이 상태는 괜찮다고 알려짐.  
2. 1차 처리 방향: 추가확인. 보건실 방문 날짜, 연락 경로, 하교 시간 변경 사유 등 확인이 필요함.  
3. 확인할 사항: 지난주 보건실 방문 날짜, 연락 경로, 하교 시간 변경 여부, 보호자 연락처 및 아이 현재 상태.  
4. 처리 계획: 보건실과 연계해 방문 날짜 및 연락 경로 확인 후, 하교 시간 변경 사유를 파악하고, 보호자에게 상황을 안내. 개인정보는 보건실과 공유하며, 필요한 경우 추가 조치를 검토.  
5. 회신 초안: ""민원인님, 아이의 보건실 방문 및 하교 시간 변경에 대해 확인을 진행하겠습니다. 보건실과 연락하여 상세한 사항을 확인한 후, 보호자님께 안내드리겠습니다. 양해해 주셔서 감사합니다.""","1. 핵심 요약: 아이가 지난주 보건실 방문 시 부모 연락이 되지 않았고, 하교 시간이 달라졌다는 주장이 있으나, 현재 아이 상태는 괜찮다고 하며 방문 날짜·사유·연락 경로·귀가 승인 내역은 확인되지 않았다.  
2. 1차 처리 방향: 추가확인  
3. 확인할 사항: 아이의 보건실 방문 날짜, 방문 사유, 연락 경로, 귀가 승인 여부, 보건실 담당자 연락처  
4. 처리 계획: 우선 보건실 담당자와 연락하여 방문 내역 확인 후, 아이의 현재 상태와 귀가 여부를 확인하고, 부모님께 상황을 안내할 예정이다. 개인정보는 필요한 범위 내에서만 공유할 예정이다.  
5. 회신 초안: 안녕하세요. 민원인의 말씀을 잘 듣고 있습니다. 아이의 보건실 방문 관련 상황을 확인하기 위해 보건실 담당자와 연락하여 자세한 내용을 확인하겠습니다. 확인 후 즉시 연락드리겠습니다. 불편을 드려 죄송합니다."
SCB-P022,Public chat SFT,급식·보건,복합,추가확인,보건실 방문 안내 누락과 귀가 시간,추가확인,추가확인,1,1,0,301,313,12,3,0.04285714285714286,0,0.0,0,0.28787878787878785,0.2727272727272727,-0.015151515151515138,다른 | 것이다,"1. 보호자가 아이의 보건실 방문과 하교 시간에 대해 확인을 요청했다. 현재 아이의 상태는 괜찮지만, 방문 날짜, 사유, 연락 경로, 귀가 승인 내역은 확인되지 않았다.
2. 추가확인
3. 아이의 보건실 방문 날짜와 하교 시간, 방문 사유, 연락 경로, 귀가 승인 내역
4. 보건실과 연락하여 아이의 방문 날짜와 하교 시간, 방문 사유, 연락 경로, 귀가 승인 내역을 확인하고, 보호자에게 보고할 예정이다.
5. 보건실과 연락하여 아이의 방문 날짜와 하교 시간, 방문 사유, 연락 경로, 귀가 승인 내역을 확인하고, 보호자에게 보고하겠다.","1. 보호자가 아이가 보건실에 갔다는 사실을 확인하고, 하교 시간이 다른 점을 문의했다. 현재 아이의 상태는 괜찮다고 전했다.
2. 추가확인
3. 아이의 방문 날짜와 사유, 연락 경로, 귀가 승인 내역
4. 보건실 담당자와 연락하여 아이의 방문 날짜와 사유, 연락 경로, 귀가 승인 내역을 확인하고, 보건실 담당자에게 문의하여 아이의 상태를 확인할 것이다. 아이의 개인정보는 보건실 담당자에게 전달할 것이다.
5. 보건실 담당자와 연락하여 아이의 방문 날짜와 사유, 연락 경로, 귀가 승인 내역을 확인하고, 보건실 담당자에게 문의하여 아이의 상태를 확인하겠다."
SCB-P023,Base,급식·보건,단순,담당자연계,급식 중 호흡 곤란 보고,담당자연계,담당자연계,1,1,0,344,410,66,1,0.013888888888888888,0,0.0,0,0.0535714285714286,0.0,-0.0535714285714286,않은,"1. 핵심 요약: 학생이 급식 중 숨쉬기 힘들다고 보고했으나 보건 담당자가 도착 전이며 원인과 진단은 확인되지 않았습니다.  
2. 1차 처리 방향: 담당자연계  
3. 확인할 사항: 없음  
4. 처리 계획: 즉시 보건 담당자와 현장 응급 대응팀을 연계하여 학생을 대상으로 응급 조치를 취하도록 안내하고, 처리 과정을 민원인과 실시간으로 공유할 예정입니다.  
5. 회신 초안: 민원인 안녕하세요. 학생의 건강 상태에 대한 우려를 접수하여 즉시 보건 담당자와 현장 응급 대응팀을 연계하여 응급 조치를 지원하겠습니다. 현재 상황을 실시간으로 안내드리겠습니다. 걱정을 수용하며 신속한 대응을 위해 최선을 다하겠습니다.","1. 핵심 요약: 학생이 급식 중 숨쉬기 힘들다고 보고되었으며, 보건 담당자가 아직 도착하지 않았습니다. 현재 현장 응급 대응은 시작되지 않았습니다.  
2. 1차 처리 방향: 담당자연계  
3. 확인할 사항: 없음  
4. 처리 계획: 우선 보건 담당자와 연락하여 현장 응급 대응을 즉시 지원하도록 협조 요청하고, 학교 보건실의 개인정보 취급 지침에 따라 관련 정보를 안전하게 공유합니다.  
5. 회신 초안:  
민원인 안녕하세요. 학생의 급식 중 건강 이상 사례에 대해 확인하였습니다. 보건 담당자가 현장에 도착하지 않은 것으로 확인되어, 즉시 응급 대응을 위해 보건실과 연계하여 대응 조치를 진행하겠습니다. 보건 담당자와의 협조를 통해 학생의 안전을 최우선으로 지원하겠습니다. 도움이 필요하시면 언제든지 연락 주시기 바랍니다."
SCB-P023,Public chat SFT,급식·보건,단순,담당자연계,급식 중 호흡 곤란 보고,담당자연계,추출불가,1,0,1,360,439,79,5,0.05154639175257732,0,0.0,0,0.3205128205128205,0.29032258064516125,-0.03019023986765923,담당자와 | 확인한,"1. 급식 중인 학생이 숨쉬기 힘들어하며 보건 담당자가 아직 도착하지 않았다. 교내 급식실 위치와 현장 연락이 확인되었으나 원인과 진단은 미확인 상태이다.
2. 담당자연계
3. 현장 응급 대응 절차와 보건 담당자의 도착 예정 시간
4. 즉시 보건 담당자를 현장에 파견하여 학생의 상태를 확인하고 필요한 응급 조치를 취할 계획이다. 학교 보건실과 긴밀히 협조하여 학생의 안전을 최우선으로 하겠다.
5. 급식 중인 학생이 숨쉬기 힘들어하며 보건 담당자가 아직 도착하지 않았다. 교내 급식실 위치와 현장 연락이 확인되었으나 원인과 진단은 미확인 상태이다. 즉시 보건 담당자를 현장에 파견하여 학생의 상태를 확인하고 필요한 응급 조치를 취할 계획이다.","1. 급식 중인 학생이 숨쉬기 힘들어하며 보건 담당자가 아직 도착하지 않았다. 교내 급식실 위치와 현장 연락이 확인되었으나 원인과 진단은 미확인 상태이다.
2. 담당자 연계
3. 학생의 현재 상태, 보건 담당자의 도착 예정 시간, 급식실 위치, 현장 응급 대응 계획
4. 즉시 보건 담당자와 연락하여 현장에 도착하도록 요청하고, 학생의 상태를 확인한 후 필요한 응급 조치를 취할 것이다. 학생의 개인정보는 보건 담당자에게 전달할 예정이며, 이후 필요한 경우 학교의 보건 담당자와 협의하여 추가 조치를 취할 것이다.
5. 급식 중인 학생이 숨쉬기 힘들어하며 보건 담당자가 아직 도착하지 않았다. 교내 급식실 위치와 현장 연락이 확인되었으나 원인과 진단은 미확인 상태이다. 즉시 보건 담당자와 연락하여 현장에 도착하도록 요청하고, 학생의 상태를 확인한 후 필요한 응급 조치를 취할 것이다."
SCB-P024,Base,급식·보건,복합,담당자연계,식이 지원 누락과 진단 공개 요구,추가확인,추가확인,0,0,0,392,346,-46,2,0.03333333333333333,0,0.0,0,0.0,0.0,0.0,반영,"1. 핵심 요약: 식이 지원 요청은 확인되었으나 메뉴 확정 전이며, 체험활동 도시락에 반영되지 않았습니다. 진단서 제출 여부에 대한 문의도 함께 접수되었습니다.  
2. 1차 처리 방향: 추가확인  
3. 확인할 사항: 체험활동 도시락 메뉴 확정 일정과 진단서 제출 여부에 대한 구체적인 내용  
4. 처리 계획: 우선 식이 지원 요청을 기록하고, 메뉴 확정 일정을 확인한 후 조정을 진행하며, 진단서 제출 여부에 따라 추가 조치를 검토하겠습니다.  
5. 회신 초안: 식이 지원 요청을 접수해 주셔서 감사합니다. 현재 메뉴 확정 전이라 체험활동 도시락에 반영되지 않은 점 양해해 주시기 바랍니다. 진단서 제출 여부에 따라 추가 조치가 필요할 경우, 확인 후 안내드리겠습니다. 불편을 드려 죄송합니다.","1. 핵심 요약: 식이 지원 요청이 체험활동 도시락에 반영되지 않았으며, 메뉴 확정 전이라 지원 필요는 확인되었음.  
2. 1차 처리 방향: 추가확인  
3. 확인할 사항: 체험활동 도시락의 메뉴 확정 일정과 해당 지원 요청이 포함될 예정인가?  
4. 처리 계획: 우선 해당 요청을 기록하고, 메뉴 확정 시 반영 여부를 확인한 후, 추가 조치를 취함. 개인정보는 요청자 정보만 기록하여 보호함.  
5. 회신 초안:  
민원인 안녕하세요. 요청하신 식이 지원 내용은 확인되었으며, 현재 체험활동 도시락의 메뉴가 확정되지 않은 상태입니다. 메뉴 확정 후 반영 여부를 확인하여 안내드리겠습니다. 불편을 드려 죄송합니다."
SCB-P024,Public chat SFT,급식·보건,복합,담당자연계,식이 지원 누락과 진단 공개 요구,추가확인,추가확인,0,0,0,418,408,-10,0,0.0,0,0.0,0,0.19512195121951215,0.052631578947368474,-0.14249037227214367,,"1. 민원인은 식이 지원 요청이 체험활동 도시락에 반영되지 않았으며, 참가를 빼지 않고 안전하게 먹을 수 있도록 해달라고 요청했다. 학교는 요청을 접수했으나 체험 담당자와 급식 담당자 간 조정이 누락되었고, 구체 메뉴는 아직 확정되지 않았다.
2. 추가확인
3. 체험 담당자와 급식 담당자 간 조정, 구체 메뉴 확정 여부
4. 첫째, 체험 담당자와 급식 담당자 간 조정을 진행한다. 둘째, 구체 메뉴를 확정하고, 민원인에게 조정 결과를 안내한다. 셋째, 민원인의 추가 문의 사항에 대해 상담한다.
5. 민원인의 식이 지원 요청은 접수되었으나, 체험 담당자와 급식 담당자 간 조정이 누락되었고, 구체 메뉴는 아직 확정되지 않았다. 첫째, 체험 담당자와 급식 담당자 간 조정을 진행한다. 둘째, 구체 메뉴를 확정하고, 민원인에게 조정 결과를 안내한다.","1. 학교의 식이 지원 요청이 체험활동 도시락에 반영되지 않았고, 참가를 빼지 말고 안전하게 먹을 수 있게 해달라는 민원이다. 학교는 요청을 접수했으나 체험 담당자와 급식 담당자 간 조정이 누락되었고, 지원 필요는 확인되었으나 구체 메뉴는 확정되지 않았다.
2. 추가확인
3. 체험 담당자와 급식 담당자 간 조정이 누락된 사항을 확인하고, 구체 메뉴를 확정할 수 있는 방법을 확인해야 한다.
4. 체험 담당자와 급식 담당자 간 조정을 재검토하고, 구체 메뉴를 확정하여 민원인에게 안내할 예정이다. 처리 과정에서 민원인의 개인정보는 보호할 것이며, 필요한 경우 추가 확인을 진행할 것이다.
5. 민원인의 식이 지원 요청에 대해 학교는 체험 담당자와 급식 담당자 간 조정을 재검토하고, 구체 메뉴를 확정하여 안전하게 제공할 예정이다."
SCB-P025,Base,시설·통학안전,단순,안내,임시 통학문 위치,안내,안내,1,1,0,379,328,-51,1,0.017241379310344827,0,0.0,0,0.0,0.0,0.0,않도록,"1. 핵심 요약: 정문이 공사로 인해 닫혀 등교 동선이 불편하다는 민원이며, 내일은 동문이 개방된다.  
2. 1차 처리 방향: 안내  
3. 확인할 사항: 없음  
4. 처리 계획: 우선적으로 동문 개방 시간과 안전요원 배치 사실을 안내하고, 공사 구역 차단에 따른 위험 여부를 확인하여 추가 조치를 검토할 예정이다. 개인정보는 처리하지 않으며, 필요한 경우 학교 안전 담당자와 협의하여 후속 조치를 진행할 계획이다.  
5. 회신 초안: 내일은 동문을 통해 등교하시면 됩니다. 동문 개방 시간은 8시부터 9시까지이며, 안전요원이 배치되어 있습니다. 공사 구역은 차단되어 있으니, 안전에 유의하시기 바랍니다. 추가 문의사항이 있으시면 학교 안전 담당자에게 연락하시기 바랍니다.","1. 핵심 요약: 정문이 공사로 인해 닫혀 등교 동선이 불편하다는 민원이며, 내일은 동문이 개방되고 안전요원이 배치된 상태로 등교가 가능하다.  
2. 1차 처리 방향: 안내  
3. 확인할 사항: 없음  
4. 처리 계획: 우선적으로 동문 개방 시각(8시~9시)을 안내하고, 안전요원 배치 사실을 확인하여 민원인의 등교 안전을 보장하며, 개인정보는 처리하지 않음.  
5. 회신 초안:  
등교 동선에 대한 우려를 이해합니다. 내일은 동문이 개방되며, 8시부터 9시까지 안전요원이 배치되어 있으니, 해당 시간대에 동문을 통해 등교하시면 됩니다. 불편을 겪으시지 않도록 하시기 바랍니다."
SCB-P025,Public chat SFT,시설·통학안전,단순,안내,임시 통학문 위치,추가확인,안내,0,1,1,226,218,-8,0,0.0,0,0.0,0,0.024390243902439046,0.2790697674418605,0.25467952353942147,,"1. 공사로 인한 정문 폐쇄로 인해 등교 동선이 불편하다. 내일 동문으로 등교하며 8시부터 9시까지 개방되며 안전요원이 배치되어 있다.
2. 추가확인
3. 없음
4. 우선 동문 개방 시간과 안전요원 배치를 확인하고, 공사 구역 차단 상태를 확인한 후 민원인에게 안내할 계획이다.
5. 공사로 인해 정문이 폐쇄되었으나, 내일은 동문으로 등교할 수 있으며 8시부터 9시까지 개방되며 안전요원이 배치되어 있다.","1. 공사로 인한 정문 폐쇄로 인해 등교 동선이 불편하다. 학교는 동문 개방 시간을 8시부터 9시까지로 정하고 안전요원을 배치했다.
2. 안내
3. 없음
4. 동문 개방 시간을 8시부터 9시까지로 정하고 안전요원을 배치하여 안전을 확보한다.
5. 공사로 인한 정문 폐쇄로 인해 등교 동선이 불편하나, 학교는 동문 개방 시간을 8시부터 9시까지로 정하고 안전요원을 배치하여 안전을 확보하겠다."
SCB-P026,Base,시설·통학안전,복합,안내,운동장 개방과 주차 제한,추가확인,안내,0,1,1,453,337,-116,2,0.03333333333333333,0,0.0,0,0.0,0.0,0.0,민원인에게 | 안녕하세요,"1. 핵심 요약: 주말 운동장 이용 시간이 10~16시임을 확인했으나, 차량 이용은 제한된 것으로 보입니다. 주차 여부에 대한 구체적인 안내가 필요합니다.  
2. 1차 처리 방향: 추가확인. 주차 제한 사항과 이용 시간에 대한 정확한 안내가 필요하며, 공식 규정을 확인해야 합니다.  
3. 확인할 사항: 토요일 운동장 이용 시 차량 출입 제한 여부와 주차 공간이 있는지 여부를 확인해 주세요.  
4. 처리 계획: 확인한 규정에 따라 이용 시간과 주차 제한 사항을 정리해 답변드리고, 추가 문의 시 담당 부서와 연계해 정확한 정보를 제공하겠습니다.  
5. 회신 초안: 토요일 운동장 이용 시간은 10시부터 16시까지입니다. 차량 출입은 제한되어 있으며, 주차는 가능하지 않습니다. 보행자 전용 출입구를 이용해 주시기 바랍니다. 추가 문의사항이 있으시면 학교 관리 부서와 연계해 정확한 안내를 드리겠습니다.","1. 핵심 요약: 주말 운동장 개방 시간은 10~16시이며, 차량 주차는 허용되지 않습니다. 이용 시간과 주차 여부에 대한 문의입니다.  
2. 1차 처리 방향: 안내  
3. 확인할 사항: 없음  
4. 처리 계획: 우선으로 공지된 운동장 이용 시간과 주차 규정을 확인하여 민원인에게 정확한 정보를 제공합니다. 개인정보는 포함되지 않으며, 학교 규정에 따라 답변합니다.  
5. 회신 초안: 안녕하세요. 주말 운동장은 10시부터 16시까지 개방되며, 차량 주차는 허용되지 않습니다. 보행자 전용 출입구를 이용해 주시기 바랍니다. 이용 시간 및 주차 관련 문의는 위와 같습니다. 불편을 드려 죄송합니다."
SCB-P026,Public chat SFT,시설·통학안전,복합,안내,운동장 개방과 주차 제한,추가확인,추출불가,0,0,1,359,252,-107,1,0.020833333333333332,0,0.0,0,0.05882352941176472,0.0,-0.05882352941176472,민원인에게,"1. 주말 운동장 이용 시 차량 출입 제한과 주차 여부에 대해 문의하고 있다. 운동장은 토요일 10시부터 16시까지 개방하며, 교내 주차는 허용되지 않고 보행 출입구를 이용해야 한다.
2. 추가확인
3. 운동장 개방 시간과 주차 제한 정책에 대한 확인
4. 운동장 개방 시간은 토요일 10시부터 16시이며, 교내 주차는 허용되지 않고 보행 출입구를 이용해야 한다. 운동장 이용 시 차량은 출입이 불가능하며, 보행 출입구를 통해 접근해야 한다.
5. 주말 운동장은 토요일 10시부터 16시까지 개방되며, 차량은 출입이 불가능하고 보행 출입구를 이용해야 한다. 운동장 이용 시 주차는 허용되지 않으니 이용 시간과 주차 제한에 대해 확인해 주었다.","1. 주말 운동장 이용 시 차량 출입 제한과 주차 정책에 대해 문의했다. 해당 학교는 토요일 운동장 개방 시간을 10시부터 16시까지로 정해두었으며, 교내 주차는 허용하지 않고 보행 출입구를 이용하도록 하고 있다.
2. 담당자 연계
3. 확인할 사항: 없음
4. 처리 계획: 담당자 연계 후 민원인에게 답변을 제공할 예정이다.
5. 주말 운동장 이용 시 차량 출입은 제한되며, 교내 주차는 허용되지 않는다. 운동장 이용은 보행 출입구를 통해 가능하다."
SCB-P027,Base,시설·통학안전,단순,추가확인,교실 소음 위치 불명,추가확인,추가확인,1,1,0,388,428,40,2,0.025974025974025976,0,0.0,0,0.0,0.0,0.0,확인해 | 주시면,"1. 핵심 요약: 학교 내 소음으로 인해 공부에 방해받고 있다고 주장하며, 구체적인 소음 원인과 발생 시간 등은 확인되지 않았습니다.  
2. 1차 처리 방향: 추가확인  
3. 확인할 사항: 소음이 발생한 구체적인 건물, 시간대, 소음의 종류(예: 공사, 방송, 수업 등)  
4. 처리 계획: 확인된 정보를 바탕으로 소음 원인을 파악하고, 해당 부서와 협의하여 소음 완화 조치를 검토할 예정입니다. 개인정보는 보호하여 처리하겠습니다.  
5. 회신 초안:  
민원인님, 학교 내 소음으로 인해 공부에 불편을 겪으신 점 확인하였습니다. 구체적인 소음 발생 시간, 위치, 종류 등을 확인하여 원인을 파악하고 조치할 계획입니다. 추가 정보가 필요하시면 언제든지 연락 주시기 바랍니다. 감사합니다.","1. 핵심 요약: 민원인은 소음으로 인해 공부에 방해받고 있다고 주장하며, 소음의 원인과 발생 시간 등은 확인되지 않았습니다.  
2. 1차 처리 방향: 추가확인  
3. 확인할 사항: 소음이 발생한 구체적인 건물, 시간대, 소음의 종류(예: 공사, 방송, 수업 등)  
4. 처리 계획: 우선 소음 발생 시점과 위치를 확인하고, 해당 부서와 협의하여 소음 원인을 파악한 후, 필요한 경우 소음 관련 규정에 따라 조치를 검토할 예정입니다. 개인정보는 필요한 범위 내에서만 활용할 계획입니다.  
5. 회신 초안:  
민원인님, 소음에 대한 신고를 접수하였습니다. 소음 발생 시점과 위치, 소음의 종류(예: 공사, 방송 등)를 확인해 주시면 더 정확한 조치가 가능합니다. 확인된 내용에 따라 관련 부서와 협의 후, 추가 조치를 검토하겠습니다. 불편을 드려 죄송합니다."
SCB-P027,Public chat SFT,시설·통학안전,단순,추가확인,교실 소음 위치 불명,추가확인,추가확인,1,1,0,284,231,-53,4,0.08695652173913043,0,0.0,0,0.0,0.11904761904761907,0.11904761904761907,유사 | 사고,"1. 학교에서 큰 소리로 인해 공부가 불가능하다는 민원이 제기되었으나, 소음의 원인과 구체적인 상황에 대한 확인이 미흡하다.
2. 추가확인
3. 소음의 원인과 발생 시간, 지속 시간, 종류에 대한 구체적인 정보
4. 소음의 원인을 파악하고, 학교 내부 규정에 따라 소음 발생 원인을 조사하고, 필요한 경우 소음 발생 원인에 대한 조치를 취할 것이다.
5. 민원인의 불편에 대해 사과드리며, 소음 발생 원인을 파악하고 조치할 예정이니, 소음 발생 시 학교에 연락하여 소음 발생 원인을 파악해 달라고 부탁드린다.","1. 학교에서 소음으로 인해 공부가 불가능하다는 민원이 제기되었으나, 소음의 원인과 구체적인 상황에 대한 확인이 미흡하다. 2. 추가확인 3. 소음의 원인과 발생 시간, 지속 시간, 종류, 위험 징후 여부 4. 소음의 원인을 파악하고, 학교 안전지원시스템을 통해 유사 사고 예방을 위한 조치를 취할 계획이다. 5. 학교는 소음의 원인을 파악하고, 학교 안전지원시스템을 통해 유사 사고 예방을 위한 조치를 취하겠다."
SCB-P028,Base,시설·통학안전,복합,추가확인,통학버스 지연과 안내 불일치,추가확인,추가확인,1,1,0,350,467,117,2,0.024691358024691357,0,0.0,0,0.0,0.0,0.0,따라,"1. 핵심 요약: 지난주 버스가 늦어졌으며 앱과 안내문의 시간이 달라졌다는 주장이 있으나, 구체적인 노선, 날짜, 정류장 등은 확인되지 않았다.  
2. 1차 처리 방향: 추가확인  
3. 확인할 사항: 지난주 버스 지연 발생한 노선, 날짜, 정류장, 앱과 안내문의 구체적인 시간 정보  
4. 처리 계획: 확인된 정보를 바탕으로 해당 노선의 운행 상황을 재검토하고, 기사와의 연락을 통해 상황을 파악한 후, 민원인께 상세한 처리 결과를 안내할 예정이다.  
5. 회신 초안: 지난주 버스 지연에 대해 확인해 드리겠습니다. 구체적인 노선, 날짜, 정류장 정보를 제공해 주시면 신속한 조치가 가능합니다. 불편을 드려 죄송합니다.","1. 핵심 요약: 학생 버스가 늦어졌고 앱 및 안내문 시간과 다름을 지적하며 기사에게 항의를 원함. 현재 학생들은 안전하게 귀가한 상태임.  
2. 1차 처리 방향: 추가확인. 기사 개인 연락처 및 노선, 날짜, 정류장, 안내문 버전 등 확인이 필요하며, 기사와의 연락이 필요함.  
3. 확인할 사항: 노선, 날짜, 정류장, 비교한 안내문 버전, 기사 개인 연락처.  
4. 처리 계획: 우선 기사와의 연락을 통해 사고 경위를 확인하고, 필요한 경우 교통 관련 담당자와 연계하여 조치 계획을 수립하며, 개인정보는 관련 규정에 따라 처리함.  
5. 회신 초안:  
""민원인님, 보호자님의 말씀 잘 접수하였습니다. 버스 시간 차이에 대해 확인을 위해 기사와의 연락을 통해 사고 경위를 파악하겠습니다. 확인된 내용에 따라 추가 조치가 필요한 경우, 교통 담당자와 함께 안내드리겠습니다. 민원인님의 불편에 깊이 사과드립니다. 감사합니다."""
SCB-P028,Public chat SFT,시설·통학안전,복합,추가확인,통학버스 지연과 안내 불일치,추가확인,추가확인,1,1,0,339,304,-35,1,0.015873015873015872,0,0.0,0,0.19696969696969702,0.0,-0.19696969696969702,학생들의,"1. 학생 버스 시간표와 실제 운행 시간이 불일치했고, 기사와의 소통이 필요하다. 현재 학생들은 안전하게 귀가한 상태이며, 구체적인 노선과 정류장 정보는 확인되지 않았다.
2. 추가확인
3. 버스 노선, 정류장, 기사 연락처, 시간표와 실제 운행 시간의 차이점
4. 학교는 버스 운행 시간과 시간표의 불일치에 대해 교통과 담당자와 협의하여 조치를 취할 예정이며, 기사와의 소통을 통해 문제를 해결할 계획이다. 개인정보는 민원인의 요청에 따라 보호할 예정이다.
5. 학교는 버스 운행 시간과 시간표의 불일치에 대해 교통과 담당자와 협의하여 조치를 취할 예정이며, 기사와의 소통을 통해 문제를 해결할 계획이다.","1. 버스 시간 불일치와 안내문 오류로 인한 민원인의 불만이 있다. 학교는 현재 학생들의 안전 귀가 확인, 노선 및 정류장 정보 미확인, 기사 연락처 미제공 상태이다.
2. 추가확인
3. 노선, 날짜, 정류장, 안내문 버전, 기사 연락처
4. 학교는 노선 및 정류장 정보를 확인하고, 기사 연락처를 제공하여 민원인의 불만을 해소할 계획이다. 개인정보는 민원인의 요청에 따라 처리할 예정이다.
5. 학교는 버스 시간 불일치와 안내문 오류에 대해 확인하고, 기사와 연락하여 문제를 해결하겠다. 민원인의 불편에 대해 사과하며, 향후 개선을 약속한다."
SCB-P029,Base,시설·통학안전,단순,담당자연계,교내 노출 전선 신고,추가확인,추가확인,0,0,0,396,421,25,3,0.039473684210526314,0,0.0,0,0.0,0.02777777777777779,0.02777777777777779,확인해 | 고려하여 | 신속히,"1. 핵심 요약: 복도에 끊어진 전선이 드러나 있어 안전 우려가 있으며, 전류 유무와 파손 원인은 확인되지 않았다.  
2. 1차 처리 방향: 추가확인  
3. 확인할 사항: 전선이 전류를 흐르는 상태인지, 파손 원인을 파악할 수 있는 정보가 있는지  
4. 처리 계획: 즉시 현장 확인을 위해 성인 연락처를 통해 안전 점검을 요청하고, 파손 원인과 전류 유무를 확인한 후 대응 계획을 수립할 예정이다. 개인정보는 현장 확인 시 필요한 범위만 수집할 예정이다.  
5. 회신 초안: 안녕하세요. 보고해주신 복도 전선 파손 사례에 대해 확인을 위해 현장 상황을 확인하겠습니다. 전류 유무와 파손 원인을 파악한 후, 즉시 안전 조치를 취하겠습니다. 확인이 완료되면 다시 연락드리겠습니다. 불편을 드려 죄송합니다.","1. 핵심 요약: 본관 2층 계단 앞에 끊어진 전선이 드러나 있어 위험성이 있는 것으로 확인되었으며, 전류 유무 및 파손 원인은 확인되지 않았다.  
2. 1차 처리 방향: 추가확인  
3. 확인할 사항: 전선이 전류를 흐르는 상태인지, 파손 원인을 파악할 수 있는 정보가 있는지.  
4. 처리 계획: 현장 확인을 위해 담당자와 연계하여 전선 상태를 점검하고, 필요한 경우 안전요원을 동원해 처리할 예정이며, 개인정보는 관련자만 접근 가능하다.  
5. 회신 초안:  
민원인님, 확인해 주셔서 감사합니다. 본관 2층 계단 앞에 끊어진 전선이 확인되었으며, 전류 유무 및 파손 원인을 확인하기 위해 담당자와 연계하여 현장 점검을 진행하겠습니다. 안전을 위해 필요한 경우 즉시 조치하겠습니다. 민원인님의 안전을 최우선으로 고려하여 신속히 대응하겠습니다."
SCB-P029,Public chat SFT,시설·통학안전,단순,담당자연계,교내 노출 전선 신고,추가확인,담당자연계,0,1,1,350,279,-71,2,0.03508771929824561,0,0.0,0,0.053333333333333344,0.24528301886792447,0.19194968553459113,따라,"1. 학생들이 지나는 복도에 끊어진 전선이 드러나 있다. 본관 2층 계단 앞에 위치한 현장에서 전류 흐름과 파손 원인은 확인되지 않았다.
2. 추가확인
3. 전선 파손 원인과 전류 흐름 여부, 현장에 파견된 담당자의 확인 결과
4. 우선 현장에 파견된 담당자가 전선 파손 원인과 전류 흐름 여부를 확인하고, 파손 시 전선을 교체하고, 파손 원인을 파악하여 보고할 예정이다. 파손 시 전선 교체와 파손 원인 파악을 완료하면 학교의 안전 관리 부서에 보고할 예정이다.
5. 민원인의 우려에 대해 확인하고, 현장에 파견된 담당자가 파손 원인과 전류 흐름 여부를 확인한 후 파손 시 전선을 교체하고, 파손 원인을 파악하여 보고하겠다.","1. 학교 복도에 전선이 드러나 있어 위험하다는 민원이 제기되었으며, 현장 연락은 가능하나 전류 흐름과 파손 원인은 확인되지 않았다.
2. 담당자연계
3. 전선 파손 원인과 전류 흐름 여부
4. 안전요원을 동행한 민원대응팀이 현장에 출동하여 위험 요인을 확인하고 필요한 경우 경찰에 신고할 예정이다. 확인 결과에 따라 추가 조치를 취할 것이다.
5. 안전요원을 동행한 민원대응팀이 현장에 출동하여 위험 요인을 확인하고 필요한 경우 경찰에 신고할 예정이다. 확인 결과에 따라 추가 조치를 취할 것이다."
SCB-P030,Base,시설·통학안전,복합,담당자연계,공사 낙하물과 즉시 개방 요구,추가확인,추가확인,0,0,0,494,439,-55,1,0.01282051282051282,0,0.0,0,0.0,0.013513513513513487,0.013513513513513487,필요한,"1. 핵심 요약: 공사구역 외 통학로에 자재가 떨어졌으며, 우회로 이용이 불편하다는 민원. 현재 해당 길은 임시 차단 중이며 사고 경위와 인명 피해 여부는 확인 중이다.  
2. 1차 처리 방향: 추가확인. 사고 경위와 인명 피해 여부 등 핵심 정보가 부족하여 정확한 대응이 필요하다.  
3. 확인할 사항: 낙하물로 인한 인명 피해 여부, 사고 경위, 해당 공사업체 명.  
4. 처리 계획: 우선 해당 구간을 안전하게 유지하고, 공사업체와 협의해 책임 소재를 확인한 후, 민원인에게 사전 안내 및 조치 결과를 전달할 예정. 개인정보는 관련자만 제한적으로 공유할 예정.  
5. 회신 초안: ""민원인님, 접수된 낙하물 관련 사고에 대해 현재 안전 점검 및 사고 경위 확인 중입니다. 인명 피해 여부와 관련된 추가 확인이 필요하다는 점을 안내드립니다. 확인 완료 후, 관련 공사업체와의 협의를 거쳐 조치 결과를 안내드리겠습니다. 민원인님의 안전을 최우선으로 고려해 주시기 바랍니다.""","1. 핵심 요약: 민원인은 공사구역 밖 통학로에 자재가 떨어졌다는 점을 지적하며, 우회로 이용 시 불편을 겪고 있으며, 공사업체 이름 공개와 책임 소재를 요구하고 있다. 현재 해당 길은 임시 차단 중이며, 사고 경위 및 인명 피해 여부는 확인 중이다.  
2. 1차 처리 방향: 추가확인  
3. 확인할 사항: 사고 경위 및 인명 피해 여부, 해당 자재 낙하의 책임 있는 공사업체 확인  
4. 처리 계획: 사고 경위 및 인명 피해 여부를 확인한 후, 관련 공사업체를 파악하여 공개할 예정이며, 개인정보 보호에 유의하여 필요한 정보만 제공할 계획이다.  
5. 회신 초안:  
민원인님, 접수된 낙하물 신고에 대해 확인 중입니다. 사고 경위 및 인명 피해 여부를 파악한 후, 관련 공사업체 정보를 공개할 예정입니다. 확인 완료 후 안내드리겠습니다. 불편을 겪으신 점 깊이 사과드립니다."
SCB-P030,Public chat SFT,시설·통학안전,복합,담당자연계,공사 낙하물과 즉시 개방 요구,추가확인,담당자연계,0,1,1,221,256,35,3,0.05660377358490566,0,0.0,0,0.0,0.020408163265306145,0.020408163265306145,민원인의,"1. 낙하물로 인한 통학로 우회로 민원인은 안전 문제를 제기하고 있다. 해당 길은 임시 차단 중이며 사고 경위와 인명 피해 여부는 확인되지 않았다.
2. 추가확인
3. 사고 경위와 인명 피해 여부
4. 확인 후 안전 점검과 사고 경위를 조사하고, 필요한 경우 공사업체에 책임을 묻겠다.
5. 낙하물로 인한 통학로 우회로 인한 안전 문제에 대해 확인하고, 사고 경위와 인명 피해 여부를 조사하겠다.","1. 낙하물로 인한 통학로 우회로 민원인이 불편을 호소했으며, 해당 길은 임시 차단 중이다. 2. 민원인의 요구 사항은 안내, 추가확인, 담당자연계 중 추가확인이다. 3. 확인할 사항은 인명 피해 여부이다. 4. 우선 조치는 안전 점검과 사고 경위 확인을 진행하고, 담당 경로는 학교 안전 담당 부서이며, 개인정보 취급은 민원인의 신상 정보는 처리하지 않는다. 5. 민원인의 우려를 수용하며, 현재 임시 차단 중이니 안전 점검과 사고 경위 확인을 진행하겠다."
SCB-P031,Base,돌봄·방과후,단순,안내,돌봄 신청 접수 확인,안내,안내,1,1,0,330,343,13,4,0.06349206349206349,0,0.0,0,0.0,0.0,0.0,제3자 | 제공 | 보유 | 양해해,"1. 핵심 요약: 신청 접수 완료 및 심사 대기 상태이며, 선발 결과는 3월 7일 개별 통보 예정입니다.  
2. 1차 처리 방향: 안내  
3. 확인할 사항: 없음  
4. 처리 계획: 현재 접수 상태를 확인해 주시고, 3월 7일 개별 통보일에 따라 결과를 안내드릴 예정입니다. 개인정보는 보호에 유의하며, 추가 문의 시 담당자와 연계하여 상세히 설명드리겠습니다.  
5. 회신 초안: 신청 접수가 완료되었으며, 현재 심사 대기 상태입니다. 선발 결과는 3월 7일 개별로 통보될 예정이오니, 해당 날짜에 결과를 안내드릴 예정입니다. 추가 문의사항이 있으시면 언제든지 연락 주시기 바랍니다.","1. 핵심 요약: 신청 접수 완료 및 심사 대기 상태이며, 선발 결과는 3월 7일 개별 통보 예정입니다.  
2. 1차 처리 방향: 안내  
3. 확인할 사항: 없음  
4. 처리 계획: 우선 접수 상태를 확인하고, 3월 7일 결과 통보일에 따라 개별 안내 예정입니다. 개인정보는 해당 신청 시 수집된 정보에 한해 제3자 제공 및 보유 기간에 따라 관리됩니다.  
5. 회신 초안:  
민원인님, 신청 접수는 완료되었으며 현재 심사 대기 상태입니다. 선발 결과는 3월 7일 개별로 통보될 예정이오니, 해당 날짜에 안내드릴 수 있도록 양해해 주시기 바랍니다. 추가 문의사항이 있으시면 언제든지 연락 주시기 바랍니다."
SCB-P031,Public chat SFT,돌봄·방과후,단순,안내,돌봄 신청 접수 확인,추가확인,안내,0,1,1,273,195,-78,0,0.0,0,0.0,0,0.06779661016949157,0.2894736842105263,0.22167707404103476,,"1. 민원인은 신청 접수 상태를 문의했으며, 현재 접수 완료 및 심사 대기 상태로 표시되어 있다. 선발 결과는 3월 7일 개별 통보될 예정이다.
2. 추가확인
3. 접수 완료 여부, 심사 진행 상황, 개별 통보 일정
4. 접수 완료 및 심사 대기 상태를 확인하고, 개별 통보 일정을 안내한다. 개인정보는 민원인의 신청 정보만 포함하며, 처리는 학교의 공식 민원 접수 창구에서 진행한다.
5. 접수 완료 및 심사 대기 상태로 표시되어 있으며, 선발 결과는 3월 7일 개별 통보될 예정입니다.","1. 민원인은 신청 접수 상태를 확인하고 싶어하며, 공지에 따르면 선발 결과는 3월 7일 개별 통보될 예정이다. 2. 담당자 연계 3. 민원인의 신청 접수 상태 확인 4. 담당자 연계 후 민원인에게 개별 통보일에 결과를 안내할 예정이다. 5. 민원인은 신청 접수 상태를 확인하고 싶어하며, 공지에 따르면 선발 결과는 3월 7일 개별 통보될 예정이다."
SCB-P032,Base,돌봄·방과후,복합,안내,방과후 휴강과 보강 일정,안내,안내,1,1,0,410,372,-38,1,0.016129032258064516,0,0.0,0,0.02777777777777779,0.0,-0.02777777777777779,연락처를,"1. 핵심 요약: 방과후 수업이 4월 9일 취소되어 4월 16일에 보강 수업이 진행되며, 기존 준비물은 그대로 가져갈 수 있다. 수강자에게 최종 공지가 발송되었다.  
2. 1차 처리 방향: 안내  
3. 확인할 사항: 없음  
4. 처리 계획: 우선 수강자에게 보강 날짜와 준비물 사용 가능 여부를 안내하고, 수업 진행 시 추가 문의사항이 있을 경우 담당 교사와 연계하여 확인할 예정이다. 개인정보는 수강자 정보에 한해 필요한 범위만 처리한다.  
5. 회신 초안:  
민원인님, 4월 9일 방과후 수업은 4월 16일 같은 시간, 같은 교실에서 보강 수업이 진행되며, 기존 준비물은 그대로 가져가실 수 있습니다. 수강자에게 최종 공지가 발송되었으니, 추가 문의사항이 있으시면 언제든지 연락 주시기 바랍니다. 불편을 드려 죄송합니다.","1. 핵심 요약: 방과후 수업이 4월 16일로 보강되며, 기존 준비물은 그대로 가져가도 된다고 안내됨. 수강자에게 공지가 발송됨.  
2. 1차 처리 방향: 안내  
3. 확인할 사항: 없음  
4. 처리 계획: 우선으로 4월 16일 보강 일정을 안내하고, 수강자에게 공지를 재확인하여 전달할 예정. 개인정보는 보강 일정과 관련된 내용만 공유하며, 추가 문의 시 담당자 연락처를 제공할 예정.  
5. 회신 초안:  
4월 16일 같은 시간, 같은 교실에서 보강 수업이 진행되오니, 기존 준비물은 그대로 가져가셔도 됩니다. 수강자에게 최종 안내가 전달되었으니, 추가 문의사항이 있으시면 학교 담당자(000-0000)로 연락 주시기 바랍니다. 불편을 드려 죄송합니다."
SCB-P032,Public chat SFT,돌봄·방과후,복합,안내,방과후 휴강과 보강 일정,안내,추출불가,1,0,1,199,318,119,1,0.014492753623188406,0,0.0,0,0.02777777777777779,0.15384615384615385,0.12606837606837606,개인정보,"1. 방과후 수업 취소로 인한 보강 날짜와 준비물에 대해 문의했다. 4월 9일 수업은 4월 16일 같은 시간과 교실에서 보강하며 준비물도 동일하다.
2. 안내
3. 없음
4. 최종 안내를 수강자에게 발송했으며, 보강 날짜와 시간, 교실, 준비물에 대해 안내했다.
5. 보강 날짜와 시간, 교실, 준비물에 대해 안내했으며, 수강자에게 최종 공지가 발송되었다.","1. 방과후 수업이 취소되어 보강 날짜와 준비물을 변경하지 않고 그대로 가져가도 되는지 민원인이 문의했다. 학교는 4월 9일 수업을 4월 16일 같은 시간 같은 교실에서 보강하고, 수강자에게 최종 공지가 발송되었다.
2. 담당자 연계
3. 없음
4. 우선 조치는 보강 날짜와 시간을 변경하지 않고 동일한 교실에서 진행하며, 수강자에게 최종 공지가 발송되었다. 개인정보 취급은 수강자 정보를 기존 준비물과 동일하게 유지한다.
5. 민원인의 문의에 대해 학교는 4월 9일 수업을 4월 16일 같은 시간 같은 교실에서 보강하고, 수강자에게 최종 공지가 발송되었다고 답변했다."
SCB-P033,Base,돌봄·방과후,단순,추가확인,돌봄 선정 결과 미확인,추가확인,추가확인,1,1,0,357,444,87,3,0.03896103896103896,0,0.0,0,0.050000000000000044,0.013698630136986356,-0.03630136986301369,개인정보 | 사항을,"1. 핵심 요약: 아이의 탈락 사유와 기준에 대한 문의이며, 현재 접수 상태로 결과 공지가 확인되지 않았습니다.  
2. 1차 처리 방향: 추가확인  
3. 확인할 사항: 아이의 신청 유형, 현재 접수 상태, 결과 공지 여부, 본인 확인 여부  
4. 처리 계획: 신청 유형과 결과 공지 상태를 확인한 후, 본인 확인 절차를 진행하며, 개인정보는 처리 목적에 따라 제3자에게 제공하지 않습니다.  
5. 회신 초안: 안녕하세요. 아이의 탈락 사유와 기준에 대해 문의해 주셔서 감사합니다. 현재 접수 상태로 결과 공지가 확인되지 않았습니다. 신청 유형과 결과 공지 여부, 본인 확인 여부 등을 확인해 드리겠습니다. 확인 후 안내드리겠습니다.","1. 핵심 요약: 보호자는 자녀의 탈락 사유를 확인하고자 하며, 현재 접수 상태인지 최종 결과인지 알 수 없는 상황입니다. 신청 유형과 결과 공지 여부도 확인되지 않았습니다.  
2. 1차 처리 방향: 추가확인  
3. 확인할 사항: 신청 유형, 결과 공지 여부, 본인 확인 여부  
4. 처리 계획: 우선적으로 신청 유형과 결과 공지 여부를 확인한 후, 본인 확인 절차를 진행하며, 개인정보 처리 관련 담당부서와 연계하여 상세한 사항을 안내할 예정입니다.  
5. 회신 초안:  
보호자님, 안녕하세요. 자녀의 탈락 관련 문의에 대해 확인해 드리겠습니다. 현재 접수 상태인지, 최종 결과인지에 대한 정보가 확인되지 않았으며, 신청 유형과 결과 공지 여부도 확인이 필요합니다. 본인 확인 절차를 진행한 후, 관련 담당부서와 연계하여 상세한 사항을 안내드리겠습니다. 양해해 주시면 감사하겠습니다."
SCB-P033,Public chat SFT,돌봄·방과후,단순,추가확인,돌봄 선정 결과 미확인,추가확인,안내,1,0,1,253,264,11,14,0.27450980392156865,0,0.0,0,0.08163265306122447,0.0,-0.08163265306122447,개인정보 | 처리와 | 가명정보 | 목적 | 제3자 | 제공 | 안전성 | 등을 | 보호 | 민원인의,"1. 보호자는 자녀의 탈락 사유와 기준에 대해 문의했으며, 현재 접수 상태와 결과 공지 버전이 확인되지 않은 상황이다.
2. 추가확인
3. 접수 상태와 결과 공지 버전, 본인 확인 여부
4. 접수 상태와 결과 공지 버전을 확인하고, 본인 확인 절차를 진행할 계획이다.
5. 민원인은 자녀의 탈락 사유와 기준에 대해 문의했으나, 현재 접수 상태와 결과 공지 버전이 확인되지 않은 상황이다. 학교는 해당 사항을 확인하고, 본인 확인 절차를 진행할 예정이다.","1. 민원인은 자녀의 입학 탈락 사유를 문의했으며, 현재 접수 상태인지 최종 결과인지 확인할 수 없다. 2. 학교는 개인정보 처리와 관련하여 가명정보 처리 목적, 보유 기간, 제3자 제공, 안전성 확보 조치 등을 안내하고 있다. 3. 추가 확인이 필요하며, 담당자 연계가 우선이다. 4. 개인정보 보호 담당부서에 연락하여 민원인의 문의 사항을 전달하고, 관련 부서에서 답변을 제공할 예정이다. 5. 민원인의 문의 사항은 개인정보 보호 담당부서에 전달하여 답변을 제공하겠다."
SCB-P034,Base,돌봄·방과후,복합,추가확인,방과후 수강 취소와 환불액,추가확인,추가확인,1,1,0,481,401,-80,3,0.04,0,0.0,0,0.048192771084337394,0.04225352112676062,-0.005939249957576775,안전하게 | 확인해 | 드릴,"1. 핵심 요약: 학생이 수업을 그만둔다고 말했으나, 다음 달 신청 여부와 환불액이 적다는 민원이 있으며, 관련 공지가 확인되지 않았다.  
2. 1차 처리 방향: 추가확인  
3. 확인할 사항: 해당 학생의 수업 취소 신청일, 수강 차시, 결제 내역, 다음 달 신청 여부, 환불 정책에 대한 공지 여부  
4. 처리 계획: 우선 해당 학생의 수업 취소 관련 정보를 확인하고, 환불 정책에 대한 공지를 재확인한 후, 필요한 경우 담당자와 연계하여 처리할 예정이다. 개인정보는 관련 규정에 따라 보호하여 처리할 예정이다.  
5. 회신 초안:  
민원인 안녕하세요. 수업 취소와 관련하여 환불액에 대한 우려를 이해합니다. 현재 해당 학생의 수업 취소일, 수강 차시, 결제 내역, 다음 달 신청 여부, 환불 공지 여부 등을 확인 중입니다. 확인 후 환불 정책에 따라 적절한 조치를 취하겠습니다. 확인 과정에서 추가 문의가 필요하시면 언제든지 연락 주시기 바랍니다.","1. 핵심 요약: 민원인은 수업 중단을 요청했으나 환불액이 적다고 보고 있으며, 관련 공지 자료는 확보되지 않았다.  
2. 1차 처리 방향: 추가확인  
3. 확인할 사항: 해당 강좌의 환불 정책, 취소 요청일과 수강 차시, 결제 내역, 다음 달 신청 여부  
4. 처리 계획: 확인된 정보를 바탕으로 환불 정책에 따라 우선 조치하고, 담당자와 협의하여 추가 조치 계획을 수립하며, 개인정보는 관련 규정에 따라 안전하게 처리할 예정이다.  
5. 회신 초안:  
민원인님, 안녕하세요. 문의하신 사항에 대해 확인을 위해 필요한 정보를 확인해 드릴 수 있을까요? 해당 강좌의 환불 정책, 취소 요청일, 수강 차시, 결제 내역, 다음 달 신청 여부 등을 알려주시면, 신속히 처리해 드리겠습니다. 불편을 드려 죄송합니다."
SCB-P034,Public chat SFT,돌봄·방과후,복합,추가확인,방과후 수강 취소와 환불액,추가확인,추가확인,1,1,0,337,237,-100,0,0.0,0,0.0,0,0.109375,0.1063829787234043,-0.002992021276595702,,"1. 민원인은 수업 취소 시 환불액이 적다고 주장하며, 다음 달 신청도 남아 있다고 지적했다. 현재 취소 요청일과 결제 내역 등에 대한 정보는 확인되지 않았다.
2. 추가확인
3. 취소 요청일, 수강한 차시, 결제 내역, 다음 달 신청 여부, 해당 강좌 환불 공지 여부
4. 우선 취소 요청일과 결제 내역을 확인한 후, 해당 강좌의 환불 정책을 재확인하고, 환불액을 재산정하여 민원인에게 안내할 예정이다. 개인정보 취급은 민원인의 동의를 얻은 후 진행할 것이다.
5. 민원인의 요구에 대해 우선 취소 요청일과 결제 내역을 확인한 후, 해당 강좌의 환불 정책을 재확인하고, 환불액을 재산정하여 안내하겠다.","1. 민원인은 수업 취소 시 환불액이 적다고 주장하며, 취소 요청일과 결제 내역을 확인하고 환불을 조정해 달라고 요청했다. 2. 취소 요청일, 수강한 차시, 결제 내역, 다음 달 신청 여부와 해당 강좌 환불 공지가 확보되지 않았다. 3. 추가확인 4. 취소 요청일과 결제 내역을 확인하고, 환불 공지 내용을 확인할 필요가 있다. 5. 민원인에게 취소 요청일과 결제 내역을 확인하고, 환불 공지 내용을 확인하겠다고 안내하겠다."
SCB-P035,Base,돌봄·방과후,단순,담당자연계,등록되지 않은 귀가 인계자,추가확인,추가확인,0,0,0,419,477,58,7,0.0875,0,0.0,0,0.031746031746031744,0.013157894736842146,-0.018588137009189598,연락하여 | 학교장에게 | 보고 | 않습니다 | 확인해 | 주시면,"1. 핵심 요약: 돌봄 교직원이 처음 보는 성인이 학생을 데려가겠다고 하였으나 인계 명단에 없고 등록 보호자 확인도 되지 않았다. 학생은 현재 돌봄실에서 안전하게 보호 중이다.  
2. 1차 처리 방향: 추가확인  
3. 확인할 사항: 해당 성인의 인계 명단에 포함되었는지, 등록 보호자 확인 절차가 완료되었는지  
4. 처리 계획: 우선 등록 보호자 확인 절차를 진행하고, 인계 명단에 해당 성인이 포함되었는지 확인한 후 학생의 귀가 여부를 결정한다. 개인정보는 관련 규정에 따라 보호하며, 필요한 경우 담당자와 협의하여 처리한다.  
5. 회신 초안: 민원인 안녕하세요. 현재 해당 성인이 인계 명단에 포함되었는지, 등록 보호자 확인 절차가 완료되었는지 확인 중입니다. 확인 완료 후 학생의 귀가 여부를 안내드리겠습니다. 불편을 드려 죄송합니다.","1. 핵심 요약: 돌봄 교직원이 처음 보는 성인을 학생 인계자로 인식하지만, 인계 명단에 없고 등록 보호자 확인도 되지 않아 안전을 위해 학생을 보호 중입니다.  
2. 1차 처리 방향: 추가확인  
3. 확인할 사항: 해당 성인이 학생의 등록 보호자인지, 인계 명단에 포함되었는지, 보호자 연락처를 확인할 수 있는지  
4. 처리 계획: 우선 등록 보호자와 연락하여 확인하고, 확인 결과에 따라 인계 여부를 판단하여 학교장에게 보고 후 조치합니다. 개인정보는 필요한 범위만 공유하며, 보호자 확인 전에는 학생을 인계하지 않습니다.  
5. 회신 초안:  
민원인 안녕하세요. 현재 학생은 안전하게 돌봄실에서 보호 중입니다. 등록 보호자 확인 전에는 인계가 이루어지지 않기 때문에, 해당 성인이 등록 보호자인지, 인계 명단에 포함되었는지 확인해 주시면 안내 드리겠습니다. 확인 후 학교장에게 보고하여 최종 조치를 진행하겠습니다. 불편을 드려 죄송합니다."
SCB-P035,Public chat SFT,돌봄·방과후,단순,담당자연계,등록되지 않은 귀가 인계자,추가확인,담당자연계,0,1,1,308,467,159,28,0.34146341463414637,8,0.1,4,0.2295081967213115,0.28205128205128205,0.05254308532997054,학교장은 | 보호자가 | 연락이 | 되지 | 동행하여 | 병원으로 | 이송한다 | 동행한 | 학교장에게 | 학교안전공제회에 | 공제급여 | 신청,"1. 돌봄 교직원이 처음 보는 성인이 학생을 데려가겠다고 하자, 인계 명단에 없고 등록 보호자에게도 확인하지 못했다. 학생은 현재 돌봄실에서 안전하게 보호 중이다.
2. 추가확인
3. 인계 명단에 성인이 있는지, 등록 보호자에게 확인한 내용은 무엇인지
4. 인계 명단에 성인이 없다면 해당 성인을 돌봄실에서 배제하고, 등록 보호자에게 확인한 내용이 맞다면 해당 성인을 돌봄실로 안내한다.
5. 돌봄 교직원은 처음 보는 성인이 학생을 데려가겠다고 하자, 인계 명단에 없고 등록 보호자에게도 확인하지 못했다. 학생은 현재 돌봄실에서 안전하게 보호 중이다.","1. 돌봄 교직원이 처음 보는 성인이 학생을 데려가겠다고 하자, 민원인은 빨리 보내달라고 요청했다. 학생은 현재 돌봄실에서 안전하게 보호 중이며, 등록 보호자 확인 전 미등록 인계자에게는 학생을 보내지 않는다는 원칙이 있다.
2. 담당자연계
3. 학생의 보호자 확인, 보호자와의 연락, 보호자와의 학생 인계
4. 학교장은 보호자 확인 후 학생을 보호자에게 인계하고, 보호자가 연락이 되지 않는 경우 교직원이 동행하여 병원으로 이송한다. 동행한 교직원은 학교장에게 보고하고, 학교장은 교육청과 시·도 학교안전공제회에 사고 통지하며, 학생에게 공제급여 신청 절차를 안내한다.
5. 학교장은 보호자 확인 후 학생을 보호자에게 인계하고, 보호자가 연락이 되지 않는 경우 교직원이 동행하여 병원으로 이송한다. 동행한 교직원은 학교장에게 보고하고, 학교장은 교육청과 시·도 학교안전공제회에 사고 통지하며, 학생에게 공제급여 신청 절차를 안내한다."
SCB-P036,Base,돌봄·방과후,복합,담당자연계,돌봄 인계 기록 불일치와 CCTV 요구,추가확인,추가확인,0,0,0,396,566,170,3,0.02830188679245283,0,0.0,0,0.031746031746031744,0.07843137254901966,0.04668534080298792,또는 | 확인해,"1. 핵심 요약: 아이와 함께한 시간 기록과 실제 시간이 불일치하며, 해당 영상에는 다른 학생들이 포함되어 있음.  
2. 1차 처리 방향: 추가확인  
3. 확인할 사항: 불일치 시간대에 해당하는 CCTV 영상의 제공 범위와 절차에 대한 정확한 규정이 있는지, 해당 영상이 어떤 기준에 따라 제공되는지.  
4. 처리 계획: 관련 규정과 절차를 확인한 후, 해당 영상의 제공 범위와 방법을 명확히하여 보호자에게 안내할 예정이며, 개인정보 보호에 유의하여 처리할 계획임.  
5. 회신 초안: 보호자님, 아이와 함께한 시간 기록과 실제 시간이 다를 수 있는 점 확인하였습니다. 해당 영상 제공에 대한 절차와 범위를 확인 중이오니, 확인 후 보호자님께 안내드리겠습니다. 개인정보 보호에 유의하여 처리하겠습니다.","1. 핵심 요약: 아이의 데려간 시간이 기록과 다르다고 주장하며, CCTV 영상 제공을 요청했습니다. 확인 자료에 따르면 본인 확인과 시간 불일치가 확인되었으나, 영상 제공 범위와 절차 검토는 진행 중이지 않습니다.  
2. 1차 처리 방향: 추가확인  
3. 확인할 사항: 해당 시간대의 CCTV 영상 제공 범위와 절차에 대한 정책이 무엇인지, 해당 영상이 어떤 내용을 포함하는지.  
4. 처리 계획: 우선 해당 시간대의 CCTV 영상 제공 절차에 대한 정책을 확인하고, 영상 제공 범위와 절차에 따라 처리할 계획입니다. 개인정보 보호에 유의하여 필요한 경우 부분 영상 제공 또는 추후 조치를 고려하겠습니다.  
5. 회신 초안:  
아이의 데려간 시간에 대한 불일치에 대해 확인해 주셔서 감사드립니다. 현재 확인된 내용에 따라 해당 시간대의 CCTV 영상 제공 절차에 대해 검토 중입니다. 개인정보 보호에 유의하여 필요한 경우 부분 영상 제공 또는 추후 조치를 고려하겠습니다. 확인된 내용에 따라 신속히 조치하겠습니다. 민원인의 우려를 잘 이해드리고, 추가 확인이 필요하시면 언제든지 연락 주시기 바랍니다."
SCB-P036,Public chat SFT,돌봄·방과후,복합,담당자연계,돌봄 인계 기록 불일치와 CCTV 요구,추가확인,담당자연계,0,1,1,328,351,23,3,0.043478260869565216,1,0.014925373134328358,3,0.0,0.0,0.0,법령을 | 준수하여 | 제한적으로,"1. 아이와 함께 안전한 상황이지만, 보호자와 기록된 시간이 다르고, 돌봄실 CCTV 전체를 요청했다. 본인 확인과 시간 불일치는 확인되었으나, 영상에는 다른 학생들이 포함되어 있고, 제공 범위와 절차 검토는 아직 진행되지 않았다.
2. 추가확인
3. 영상 제공 범위와 절차, CCTV 제공에 대한 정확한 규정은 무엇인지를 확인해야 한다.
4. 먼저, 관련 규정을 확인한 후, 보호자에게 영상 제공 범위와 절차에 대한 안내를 할 것이다. 개인정보 처리에 있어 필요한 범위 내에서만 영상을 제공할 것이다.
5. 보호자에게 관련 규정을 확인한 후, 영상 제공 범위와 절차에 대해 안내하겠다.","1. 보호자가 아이를 데려간 시간이 기록과 다르다고 주장하며 CCTV 영상 제공을 요구했다. 본인 확인과 시간 불일치는 확인되었으나 영상 제공 범위와 절차는 검토되지 않았다.
2. 담당자연계
3. CCTV 영상 제공 범위와 절차, 영상에 포함된 학생들의 정체, 영상 제공에 필요한 추가 확인 사항
4. 담당자 연락 후 CCTV 영상 제공 범위와 절차를 확인하고, 영상에 포함된 학생들의 정체를 확인한 후 영상 제공을 진행할 예정이다. 개인정보 취급은 관련 법령을 준수하여 제한적으로 운영할 예정이다.
5. 민원인의 요청에 대해 담당자 연락 후 확인하고, 필요한 경우 추가 확인 사항을 확인한 후 CCTV 영상 제공을 진행하겠다."
SCB-P037,Base,정보·개인정보,단순,안내,공개 교육계획 찾기,안내,안내,1,1,0,335,362,27,1,0.01818181818181818,0,0.0,0,0.0,0.0,0.0,제공,"1. 핵심 요약: 민원인은 교육계획을 확인하려는 요청을 하였으며, 확인 자료에 따르면 개인 정보가 없는 공개 파일로 누리집 정보공개 메뉴에 게시되어 있다.  
2. 1차 처리 방향: 안내  
3. 확인할 사항: 없음  
4. 처리 계획: 우선으로 교육계획 파일이 게시된 누리집 링크를 제공하고, 개인정보 처리에 대한 안내를 함께 전달할 예정이다.  
5. 회신 초안: 교육계획은 학교 누리집의 정보공개 메뉴에 게시된 공개 파일로 확인 가능합니다. 로그인이나 신청 없이 누구나 확인할 수 있으며, 자세한 내용은 [링크]를 통해 확인해 주시기 바랍니다. 도움이 필요하시면 언제든지 연락 주시기 바랍니다.","1. 핵심 요약: 민원인은 교육계획을 확인하려는 것으로, 확인 자료에 따르면 공개된 교육계획 파일이 누리집에 게시되어 있으며 로그인이나 신청 없이 확인 가능하다.  
2. 1차 처리 방향: 안내  
3. 확인할 사항: 없음  
4. 처리 계획: 우선으로 교육계획 파일이 누리집의 정보공개 메뉴에 게시되었음을 안내하고, 추가 문의 시 담당자 연락처를 제공하여 구체적인 문의를 받는다. 개인정보는 해당 파일에 포함되지 않으므로 안전하게 제공 가능하다.  
5. 회신 초안: 교육계획은 학교 누리집의 정보공개 메뉴에 게시되어 있으며, 로그인이나 신청 없이도 확인 가능합니다. 자세한 내용은 학교 담당자(○○○, ☎○○-○○○○)에게 문의하시기 바랍니다."
SCB-P037,Public chat SFT,정보·개인정보,단순,안내,공개 교육계획 찾기,안내,안내,1,1,0,326,332,6,0,0.0,0,0.0,0,0.1454545454545455,0.6557377049180328,0.5102831594634873,,"1. 민원인은 학교 교육계획을 찾기 어렵다고 호소했으며, 확인 자료에 따르면 개인 정보가 없는 공개 교육계획 파일이 학교 누리집 정보공개 메뉴의 교육계획 항목에 게시되어 있다. 로그인이나 별도 신청이 필요하지 않다.
2. 안내
3. 없음
4. 학교 누리집 정보공개 메뉴의 교육계획 항목에서 확인할 수 있으며, 로그인이나 별도 신청이 필요하지 않다. 민원인은 학교 누리집에 접속하여 해당 항목을 확인할 수 있다.
5. 학교 누리집 정보공개 메뉴의 교육계획 항목에서 확인할 수 있으며, 로그인이나 별도 신청이 필요하지 않으니, 학교 누리집에 접속하여 해당 항목을 확인해 주시기 바랍니다.","1. 학교 누리집 정보공개 메뉴의 교육계획 항목에 개인 정보가 없는 공개 교육계획 파일이 게시되어 있다. 로그인이나 별도 신청이 필요하지 않다.
2. 안내
3. 없음
4. 학교 누리집 정보공개 메뉴의 교육계획 항목에 개인 정보가 없는 공개 교육계획 파일이 게시되어 있다. 로그인이나 별도 신청이 필요하지 않다. 학교 누리집 정보공개 메뉴의 교육계획 항목에 개인 정보가 없는 공개 교육계획 파일이 게시되어 있다. 로그인이나 별도 신청이 필요하지 않다.
5. 학교 누리집 정보공개 메뉴의 교육계획 항목에 개인 정보가 없는 공개 교육계획 파일이 게시되어 있다. 로그인이나 별도 신청이 필요하지 않다."
SCB-P038,Base,정보·개인정보,복합,안내,사진 게시 동의의 선택 범위,안내,추가확인,1,0,1,341,433,92,1,0.012048192771084338,0,0.0,0,0.06779661016949157,0.025316455696202556,-0.04248015447328901,주세요,"1. 핵심 요약: 행사 사진 동의서에서 누리집 공개와 학급 내부 공유는 별도 선택이 가능하며, 사진은 아직 게시되지 않았다.  
2. 1차 처리 방향: 안내  
3. 확인할 사항: 없음  
4. 처리 계획: 학교 앱의 동의서 메뉴에서 변경이 가능하며, 사진 게시 전이라 변경이 어렵지 않다. 개인정보 처리에 대한 추가 문의는 담당자에게 연계하여 상세히 안내할 예정이다.  
5. 회신 초안: 행사 사진 동의서에서 누리집 공개와 학급 내부 공유는 별도로 선택할 수 있으며, 사진은 아직 게시되지 않았습니다. 변경은 학교 앱의 동의서 메뉴에서 가능합니다. 보다 자세한 문의는 담당자에게 연락하시면 도움드리겠습니다.","1. 핵심 요약: 행사 사진 동의서는 누리집 공개와 학급 내부 공유를 별도로 선택할 수 있으며, 사진은 아직 게시되지 않았다.  
2. 1차 처리 방향: 추가확인  
3. 확인할 사항: 학급 내부 공유 여부에 대한 구체적인 선택 방법과, 사진 게시 일정이 확인되었는지  
4. 처리 계획: 학교 앱의 동의서 메뉴에서 선택 변경이 가능하며, 사진 게시 일정을 확인하여 추가 안내할 예정. 개인정보는 해당 목적에 한해만 활용됨을 안내.  
5. 회신 초안:  
민원인님, 행사 사진 동의서에 대해 궁금한 점이 있으신가요?  
누리집 공개와 학급 내부 공유는 별도로 선택할 수 있으며, 사진은 아직 게시되지 않았습니다.  
학급 내부 공유 여부 변경은 학교 앱의 동의서 메뉴에서 가능하며, 사진 게시 일정을 확인해 드리겠습니다.  
필요한 사항이 있으시면 언제든지 문의해 주세요."
SCB-P038,Public chat SFT,정보·개인정보,복합,안내,사진 게시 동의의 선택 범위,추가확인,안내,0,1,1,249,116,-133,0,0.0,0,0.0,0,0.28888888888888886,0.0,-0.28888888888888886,,"1. 학급 내부 공유만 선택할 수 있는지, 동의서 변경 방법에 대해 문의했다. 사진은 아직 게시되지 않았다.
2. 추가확인
3. 학급 내부 공유만 선택할 수 있는지, 동의서 변경 방법에 대해 확인해야 한다.
4. 학교 앱의 동의서 메뉴에서 변경할 수 있으며, 사진은 아직 게시되지 않았다. 변경은 인증된 학교 앱에서 가능하다.
5. 학교 앱의 동의서 메뉴에서 변경할 수 있으며, 사진은 아직 게시되지 않았다. 변경은 인증된 학교 앱에서 가능하다.","민원인은 행사 사진 동의서에서 누리집 공개에 동의하지 않고 학급 내부 공유만 선택할 수 있는지 문의했다. 학교는 누리집 공개와 학급 내부 공유는 별도 선택란이며, 사진은 아직 촬영·게시되지 않았다고 안내했다."
SCB-P039,Base,정보·개인정보,단순,추가확인,잘못 표시된 학생 정보,추가확인,추가확인,1,1,0,437,456,19,8,0.1,0,0.0,0,0.04109589041095896,0.0,-0.04109589041095896,조치 | 민원인의 | 필요한 | 제공 | 안녕하세요 | 있으니 | 바랍니다,"1. 핵심 요약: 아이의 정보가 잘못 표시된 것으로 보고 있으며, 시스템 내부 확인 전이라며 본인 확인 절차가 필요하다고 안내받았습니다.  
2. 1차 처리 방향: 추가확인  
3. 확인할 사항: 아이의 이름, 생년월일, 학년, 학교명, 오류가 발생한 시스템의 구체적인 항목(예: 사진, 주소, 학번 등)  
4. 처리 계획: 확인된 정보를 바탕으로 시스템 관리자와 연계해 본인 확인 절차를 진행하고, 개인정보 보호 규정에 따라 처리 결과를 안내할 예정입니다.  
5. 회신 초안:  
아이의 정보 오류에 대해 확인해 주셔서 감사합니다. 현재 시스템 내 본인 확인 절차가 진행 중이라며, 정확한 정보 확인을 위해 아이의 이름, 생년월일, 학년, 학교명, 오류가 발생한 항목(예: 사진, 주소 등)을 알려주시면 시스템 관리자와 함께 확인 후 안내드리겠습니다. 불편을 드려 죄송합니다.","1. 핵심 요약: 민원인은 자녀의 정보가 잘못 표시된다고 주장하며 즉시 수정을 요청했으나, 시스템의 구체 항목과 본인 확인 전이라며 확인되지 않은 상태입니다.  
2. 1차 처리 방향: 추가확인  
3. 확인할 사항: 해당 정보가 어떤 시스템의 어떤 항목인지, 본인 확인 절차는 어떻게 이루어지는지  
4. 처리 계획: 시스템 관리자와 협의하여 확인 후 수정 조치, 개인정보 처리 관련 규정에 따라 본인 확인 절차를 진행하며, 민원인의 개인정보 보호를 위해 필요한 정보만 제공  
5. 회신 초안: 안녕하세요. 민원인의 요청에 대해 확인 중입니다. 자녀의 정보가 잘못 표시된 것으로 보고 있으신가요? 정확한 시스템과 항목을 확인해 드리기 위해 추가 확인이 필요합니다. 이에 따라 시스템 관리자와 협의 후 수정 조치를 진행하겠습니다. 개인정보 보호를 위해 본인 확인 절차가 필요할 수 있으니, 양해해 주시기 바랍니다."
SCB-P039,Public chat SFT,정보·개인정보,단순,추가확인,잘못 표시된 학생 정보,추가확인,추출불가,1,0,1,365,246,-119,7,0.14893617021276595,0,0.0,0,0.2857142857142857,0.13953488372093026,-0.14617940199335544,항목 | 정보를 | 개인정보 | 보호,"1. 아이 정보가 잘못 노출된 상황을 보고했으나, 시스템의 항목과 본인 확인 여부에 대한 구체적인 정보가 부족하다.
2. 추가확인
3. 시스템의 어떤 항목인지, 본인 확인 여부, 외부 공개 여부, 타인에게 유출된 적 있는지
4. 시스템의 항목과 본인 확인 여부를 확인한 후, 외부 공개 여부와 타인에게 유출된 적 있는지 확인하고, 해당 사항에 따라 조치를 취할 것이다.
5. 민원인의 보고에 따르면, 아이 정보가 잘못 노출된 상황을 보고했으나, 시스템의 항목과 본인 확인 여부에 대한 구체적인 정보가 부족하다. 이에 시스템의 항목과 본인 확인 여부를 확인한 후, 외부 공개 여부와 타인에게 유출된 적 있는지 확인하고, 해당 사항에 따라 조치를 취하겠다.","1. 민원인은 화면에 보이는 아이 정보가 틀리다고 주장했으나, 접수 기록상 시스템의 항목과 본인 확인 여부는 확인되지 않았다. 2. 담당자 연계 3. 민원인의 본인 확인 여부, 시스템의 구체적인 항목 4. 본인 확인 후 시스템 관리자와 협의하여 정보를 수정하고, 개인정보 보호 담당부서에 사전에 보고할 예정이다. 5. 민원인의 요청에 대해 본인 확인 후 시스템 관리자와 협의하여 정보를 수정하고, 개인정보 보호 담당부서에 사전에 보고하겠다."
SCB-P040,Base,정보·개인정보,복합,추가확인,동의 철회와 앱 알림 구분,추가확인,추가확인,1,1,0,460,398,-62,4,0.057971014492753624,0,0.0,0,0.012048192771084376,0.0,-0.012048192771084376,있으며 | 따라 | 확인해,"1. 핵심 요약: 학생의 동의 철회 후에도 앱 알림이 계속되고, 아이 정보 삭제를 요청함. 그러나 삭제 대상 자료와 위치가 불확실하며, 외부 노출이나 유출 신고는 없음.  
2. 1차 처리 방향: 추가확인. 민원인의 요청 대상 자료 구체화 및 삭제 대상 정보 확인이 필요함.  
3. 확인할 사항: 삭제를 원하는 자료의 구체적인 항목과 위치, 앱 알림의 종류 및 발송 경로.  
4. 처리 계획: 우선 민원인의 요청에 대한 구체적인 내용을 확인한 후, 관련 담당 부서와 협의하여 삭제 여부를 판단하고, 개인정보 처리 현황을 검토하여 적절한 조치를 취함.  
5. 회신 초안:  
민원인님, 동의 철회 후 앱 알림이 계속되고 아이 정보 삭제를 요청하셨습니다. 정확한 삭제 대상 자료와 위치, 알림 종류 등을 구체적으로 알려주시면, 관련 담당 부서와 협의하여 처리할 수 있도록 하겠습니다. 개인정보 보호에 최선을 다하겠습니다.","1. 핵심 요약: 학생의 동의 철회 후 앱 알림이 계속되고 있으며, 삭제를 원하는 자료와 위치가 불명확하다. 외부 노출이나 유출 신고는 없다.  
2. 1차 처리 방향: 추가확인  
3. 확인할 사항: 동의 철회한 구체 항목, 알림의 종류 및 발송처, 삭제를 원하는 자료의 구체적인 내용과 위치  
4. 처리 계획: 확인 후 개인정보 보호법에 따라 해당 자료를 삭제하고, 알림 중단 절차를 진행하며, 처리 과정에서 개인정보를 안전하게 관리할 예정  
5. 회신 초안:  
보호자님, 동의 철회 후 앱 알림이 계속되고 있는 점 확인하였습니다. 자료 삭제 및 알림 중단을 위해 구체적인 동의 항목과 삭제를 원하는 자료의 내용 및 위치를 확인해 주시면, 개인정보 보호법에 따라 처리하겠습니다. 불편을 드려 죄송합니다."
SCB-P040,Public chat SFT,정보·개인정보,복합,추가확인,동의 철회와 앱 알림 구분,추가확인,추가확인,1,1,0,373,373,0,4,0.05333333333333334,0,0.0,0,0.2191780821917808,0.0,-0.2191780821917808,규정에 | 있는지,"1. 민원인은 동의 철회 후 학교 앱 알림이 계속되고 아이 정보를 삭제해 달라고 요청했다. 그러나 접수 기록에는 구체적인 동의 항목, 알림 종류, 삭제 대상 자료와 게시 위치가 불명확하다.
2. 추가확인
3. 민원인은 동의 철회한 항목, 알림 종류, 삭제를 원하는 자료와 게시 위치를 명확히 해야 한다.
4. 우선, 민원인의 요청에 대해 확인하고, 학교 앱 관리자와 협의하여 알림을 중단하고 아이 정보를 삭제할 계획이다. 개인정보 취급은 학교의 개인정보 보호 정책에 따라 진행할 예정이다.
5. 민원인의 요청에 대해 확인하고, 학교 앱 관리자와 협의하여 알림을 중단하고 아이 정보를 삭제할 계획이다. 개인정보 취급은 학교의 개인정보 보호 정책에 따라 진행할 예정이다.","1. 민원인은 동의 철회 후 학교 앱 알림이 계속되고 아이 정보를 삭제해 달라고 요청했다. 그러나 접수 기록에는 구체적인 동의 항목, 알림 종류, 삭제할 자료와 게시 위치가 불명확하다.
2. 추가확인
3. 민원인의 동의 철회에 대한 구체적인 정보와 삭제를 원하는 자료의 종류와 위치를 확인해야 한다.
4. 먼저 민원인의 동의 철회에 대한 구체적인 정보를 확인한 후, 학교의 개인정보 보호 규정에 따라 해당 정보를 삭제할 수 있는지 확인하고, 삭제가 가능한 경우 즉시 처리할 것이다.
5. 민원인의 요청에 대해 학교는 개인정보 보호 규정에 따라 동의 철회에 대한 구체적인 정보를 확인하고, 해당 정보를 삭제할 수 있는지 검토한 후, 삭제가 가능한 경우 즉시 처리하겠다."
SCB-P041,Base,정보·개인정보,단순,담당자연계,공개 게시판 성적표 노출,추가확인,추가확인,0,0,0,503,420,-83,3,0.0410958904109589,0,0.0,0,0.022727272727272707,0.07246376811594202,0.04973649538866931,따라 | 동의,"1. 핵심 요약: 학생 이름과 점수가 포함된 파일이 로그인 없이 접근 가능하며, 민원인의 자녀 정보도 포함되어 있습니다. 학교는 해당 문제를 확인했으나 접근 제한 조치는 아직 이루어지지 않았습니다.  
2. 1차 처리 방향: 추가확인  
3. 확인할 사항: 해당 파일이 어떤 경로에서 공유되었는지, 파일의 공개 기간 및 목적, 관련 담당자 확인 여부  
4. 처리 계획: 우선 해당 파일의 접근 경로와 공개 기간을 확인한 후, 접근 제한 조치를 즉시 시행하고, 관련 담당자와 협의하여 정확한 조치 방안을 마련할 예정입니다. 개인정보 취급에 있어 엄격한 관리가 필요하다는 점을 강조하여 대응할 계획입니다.  
5. 회신 초안: 민원인의 우려에 깊이 공감드리며, 현재 해당 파일이 로그인 없이 접근 가능하다는 점을 확인하였습니다. 즉시 접근 제한 조치를 시행하고, 관련 담당자와 협의하여 정확한 조치 방안을 마련하겠습니다. 확인 및 조치 과정에서 추가 문의사항이 있으시면 언제든지 연락 주시기 바랍니다.","1. 핵심 요약: 학생 이름과 점수가 포함된 파일이 로그인 없이 접근 가능하며, 해당 정보가 확인되었다.  
2. 1차 처리 방향: 추가확인  
3. 확인할 사항: 해당 파일이 어떤 목적으로 작성되었는지, 누가 작성했는지, 공유 범위는 어디까지인지.  
4. 처리 계획: 우선 해당 파일의 접근 권한을 제한하고, 파일 작성자 및 목적을 확인한 후, 개인정보 보호법에 따라 필요한 조치를 취할 예정이며, 개인정보 처리에 대한 동의 여부를 확인할 계획이다.  
5. 회신 초안:  
보호자님, 문의하신 내용에 대해 확인하였습니다. 학생의 이름과 점수가 포함된 파일이 로그인 없이 접근 가능한 상태로 확인되었으며, 해당 파일의 작성 목적 및 작성자에 대해 추가 확인 중입니다. 개인정보 보호법에 따라 필요한 조치를 취할 예정이오니, 양해해 주시기 바랍니다."
SCB-P041,Public chat SFT,정보·개인정보,단순,담당자연계,공개 게시판 성적표 노출,담당자연계,담당자연계,1,1,0,326,1543,1217,1,0.0029498525073746312,0,0.0,0,0.17460317460317465,0.755223880597015,0.5806207059938403,학교장은,"1. 학생 이름과 점수가 공개된 파일에 포함되어 있고, 로그인 없이 누구나 다운로드할 수 있다. 학교는 해당 문제를 확인했으나 접근 제한 조치는 미이행 상태이다.
2. 담당자연계
3. 해당 파일의 접근 제한 조치는 언제 이루어질 예정이며, 해당 파일의 내용을 수정할 예정인가?
4. 학교는 해당 파일의 접근 제한 조치를 즉시 시행하고, 파일 내용을 수정하여 학생의 개인정보 노출을 방지할 예정이다. 개인정보 취급은 학교 개인정보 보호 책임자에게 위임할 예정이다.
5. 학교는 해당 파일의 접근 제한 조치를 즉시 시행하고, 파일 내용을 수정하여 학생의 개인정보 노출을 방지할 예정이다.","1. 학생 이름과 점수가 공개된 파일에 포함되어 있고, 로그인 없이 누구나 다운로드할 수 있다. 학교는 해당 사실을 확인했으나 접근 제한 조치는 아직 이루어지지 않았다.
2. 담당자연계
3. 민원인의 아이 정보가 파일에 포함되어 있는지, 해당 파일이 어떤 대회나 행사와 관련된 것인지, 파일을 공개한 사람의 이름은 무엇인지, 파일을 공개한 사람의 연락처는 무엇인지, 파일을 공개한 사람의 직위는 무엇인지, 파일을 공개한 사람의 근무부서는 무엇인지, 파일을 공개한 사람의 학교는 어디인지, 파일을 공개한 사람의 학교장은 누구인지, 파일을 공개한 사람의 학교장 연락처는 무엇인지, 파일을 공개한 사람의 학교장 이메일은 무엇인지, 파일을 공개한 사람의 학교장 직위는 무엇인지, 파일을 공개한 사람의 학교장 근무부서는 어디인지, 파일을 공개한 사람의 학교장 연락처는 무엇인지, 파일을 공개한 사람의 학교장 이메일은 무엇인지, 파일을 공개한 사람의 학교장 직위는 무엇인지, 파일을 공개한 사람의 학교장 근무부서는 어디인지, 파일을 공개한 사람의 학교장 연락처는 무엇인지, 파일을 공개한 사람의 학교장 이메일은 무엇인지, 파일을 공개한 사람의 학교장 직위는 무엇인지, 파일을 공개한 사람의 학교장 근무부서는 어디인지, 파일을 공개한 사람의 학교장 연락처는 무엇인지, 파일을 공개한 사람의 학교장 이메일은 무엇인지, 파일을 공개한 사람의 학교장 직위는 무엇인지, 파일을 공개한 사람의 학교장 근무부서는 어디인지, 파일을 공개한 사람의 학교장 연락처는 무엇인지, 파일을 공개한 사람의 학교장 이메일은 무엇인지, 파일을 공개한 사람의 학교장 직위는 무엇인지, 파일을 공개한 사람의 학교장 근무부서는 어디인지, 파일을 공개한 사람의 학교장 연락처는 무엇인지, 파일을 공개한 사람의 학교장 이메일은 무엇인지, 파일을 공개한 사람의 학교장 직위는 무엇인지, 파일을 공개한 사람의 학교장 근무부서는 어디인지, 파일을 공개한 사람의 학교장 연락처는 무엇인지, 파일을 공개한 사람의 학교장 이메일은 무엇인지, 파일을 공개한 사람의 학교장 직위는 무엇인지, 파일을 공개한 사람의 학교장 근무부서는 어디인지, 파일을 공개한 사람의 학교장 연락처는 무엇인지, 파일을 공개한 사람의 학교장 이메일은 무엇인지, 파일을 공개한 사람의 학교장 직위는 무엇인지, 파일을 공개한 사람의 학교장 근무부서는 어디인지, 파일을 공개한 사람의 학교장 연락처는 무엇인지, 파일을 공개한 사람의 학교장 이메일은 무엇인지, 파일을 공개한 사람의 학교장 직위는 무엇인지, 파일을 공개한 사람의 학교장 근무부서는 어디인지, 파일을 공개한 사람의 학교장 연락처는 무엇인지, 파일을 공개한 사람의 학교장 이메일은 무엇인지, 파일을 공개한 사람의 학교장 직위는 무엇인지, 파일을 공개한 사람의 학교장 근무부서는 어디인지, 파일을 공개한 사람의 학교장 연락처는 무엇인지, 파일을 공개한 사람의 학교장 이메일은 무엇인지, 파일을 공개한 사람의 학교장 직위는 무엇인지, 파일을 공개한 사람의 학교장 근무부서는 어디인지, 파일을 공개한 사람의 학교장 연락처는 무엇인지, 파일을 공개한 사람의 학교장 이메일은 무엇인지, 파일을 공"
SCB-P042,Base,정보·개인정보,복합,담당자연계,기록 열람 요청자의 권한 분쟁,추가확인,추가확인,0,0,0,463,477,14,11,0.14285714285714285,1,0.013333333333333334,3,0.0,0.04109589041095896,0.04109589041095896,확인하고 | 개인정보 | 보호 | 절차 | 확인해 | 주시면 | 양해해 | 감사하겠습니다,"1. 핵심 요약: 민원인은 보호자로서 아이의 상담기록과 다른 보호자의 연락처를 요청하며, 상대방에게 확인하지 않기를 원함. 현재 제출 서류는 검토 중이며, 상담기록에는 제3자 정보가 포함되어 있음.  
2. 1차 처리 방향: 추가확인. 민원인의 권한 여부와 상담기록에 포함된 제3자 정보의 범위가 명확하지 않아 확인이 필요함.  
3. 확인할 사항: 민원인의 보호자 권한 여부, 상담기록에 포함된 제3자 정보의 구체적인 범위.  
4. 처리 계획: 우선 민원인의 권한 여부와 상담기록의 제3자 정보 범위를 확인한 후, 필요한 경우 담당자와 협의하여 정보를 제공할 예정. 개인정보는 관련 규정에 따라 엄격히 관리할 예정.  
5. 회신 초안: 민원인의 요청에 대해 확인이 필요하다는 점을 안내드리며, 보호자 권한 여부와 상담기록의 내용에 대한 확인을 진행할 예정입니다. 이후 결과에 따라 안내드리겠습니다. 불편을 드려 죄송합니다.","1. 핵심 요약: 민원인은 보호자 권한을 주장하며 상담기록과 다른 보호자 연락처를 요청했으나, 현재 제출 서류는 검토 중이며 제3자 정보가 포함되어 있음.  
2. 1차 처리 방향: 추가확인  
3. 확인할 사항: 민원인의 보호자 권한 증명서류와 상담기록 관련 요청 사항의 구체적인 범위  
4. 처리 계획: 우선 민원인의 보호자 권한 여부를 확인하고, 상담기록의 범위와 제3자 정보 처리 여부를 검토한 후, 개인정보 보호 규정에 따라 필요한 경우 담당자 연계 및 처리 절차 안내  
5. 회신 초안:  
민원인님, 보호자 권한에 대한 확인 및 상담기록 관련 요청을 접수하였습니다. 현재 제출 서류는 검토 중이며, 제3자 정보가 포함된 사항이 있으므로 보호자 권한 증명서류와 요청 사항의 구체적인 범위를 확인해 주시면 더 정확한 처리가 가능합니다. 개인정보 보호 규정에 따라 필요한 경우 담당자와 협의 후 안내드리겠습니다. 양해해 주시면 감사하겠습니다."
SCB-P042,Public chat SFT,정보·개인정보,복합,담당자연계,기록 열람 요청자의 권한 분쟁,담당자연계,안내,1,0,1,288,303,15,19,0.3392857142857143,8,0.14814814814814814,5,0.020000000000000018,0.17307692307692313,0.1530769230769231,학교민원 | 민원인의 | 민원 | 요구를 | 적극적으로 | 해결하기 | 시간이 | 걸리는 | 민원은 | 소요시간과,"1. 민원인은 보호자 권한 다툼과 상담기록에 대한 정보를 요청했으나, 현재 서류는 검토 중이며 제3자 정보가 포함되어 있다. 위급 상황 보고는 없는 상황이다.
2. 담당자연계
3. 보호자 권한 다툼의 구체적인 사항과 상담기록의 법적 처리 방안
4. 보호자 권한 다툼의 법적 근거를 확인하고, 상담기록의 제3자 정보 처리에 대한 규정을 검토하여 민원인에게 상세한 답변을 제공할 계획이다.
5. 보호자 권한 다툼의 법적 근거와 상담기록의 제3자 정보 처리에 대한 규정을 검토한 후, 민원인에게 상세한 답변을 제공하겠다.","1. 민원인은 보호자 권한 다툼과 상담기록 제출 서류 검토 중이라는 확인 자료와 함께 보호자 연락처를 요청했다. 2. 민원인은 상대방에게 확인하지 말고, 본인의 권한에 대한 정보를 요청하고 있다. 3. 학교민원 처리 매뉴얼에 따르면, 민원인의 방문 목적을 확인하고 민원 처리를 진행해야 한다. 4. 민원인의 요구를 적극적으로 해결하기 위해 노력해야 하며, 처리에 시간이 걸리는 민원은 소요시간과 절차를 안내해야 한다. 5. 민원인의 요구를 적극적으로 해결하기 위해 노력해야 하며, 처리에 시간이 걸리는 민원은 소요시간과 절차를 안내해야 한다."
SCB-P043,Base,소통·민원절차,단순,안내,민원 접수 완료 여부,안내,안내,1,1,0,297,380,83,5,0.07352941176470588,0,0.0,0,0.0,0.015625,0.015625,있으며 | 민원인에게 | 조치 | 바랍니다,"1. 핵심 요약: 민원인은 게시판 글 답변 여부를 문의하며, 확인 자료에 접수 완료 및 담당 배정 중임이 확인됨.  
2. 1차 처리 방향: 안내  
3. 확인할 사항: 없음  
4. 처리 계획: 우선 접수 완료 및 담당 배정 상태를 안내하고, 개별 답변 일정이 등록될 경우 즉시 통보할 예정임을 설명. 개인정보는 처리하지 않음.  
5. 회신 초안: 게시판 글 접수에 대한 답변이 아직 등록되지 않았으나, 접수 완료 및 담당자 배정 상태임을 안내드립니다. 개별 답변 일정이 확정되면 즉시 안내드리겠습니다. 불편을 드려 죄송합니다.","1. 핵심 요약: 민원인은 게시판 글 답변 여부를 문의하며, 확인된 자료에 따르면 접수 완료 및 담당 배정 중 상태로 표시되고 있으며, 개별 답변 일정은 아직 등록되지 않았습니다.  
2. 1차 처리 방향: 안내  
3. 확인할 사항: 없음  
4. 처리 계획: 우선적으로 민원인에게 접수 완료 및 담당 배정 중임을 안내하고, 개별 답변 일정이 등록될 경우 즉시 통보할 예정입니다. 개인정보는 해당 게시물에 포함되지 않았으므로 추가 조치 필요 없음.  
5. 회신 초안: 안녕하세요. 게시판 글 접수 상태는 확인되었습니다. 접수 완료 및 담당자 배정 중으로 표시되어 있으며, 개별 답변 일정이 등록될 경우 즉시 안내드리겠습니다. 문의사항이 있으시면 언제든지 연락 주시기 바랍니다."
SCB-P043,Public chat SFT,소통·민원절차,단순,안내,민원 접수 완료 여부,추출불가,추출불가,0,0,0,94,339,245,4,0.05555555555555555,0,0.0,0,0.0,0.16176470588235292,0.16176470588235292,민원인의 | 민원인에게,"민원인은 게시판에 글을 올렸는데 답변이 없어 접수가 됐는지 확인하고 싶다. 본인 확인된 조회 화면에 접수 완료, 담당 배정 중으로 표시되고, 접수 완료 알림도 발송됐다.","민원인은 게시판에 글을 올렸는데 답변이 없어 접수가 됐는지 확인하고 싶다. 본인 확인된 조회 화면은 접수 완료, 담당 배정 중으로 표시되고 있다. 담당자 연계가 필요하다. 담당자 연계를 위해 민원인의 이름과 게시판에 올린 글의 제목을 확인해야 한다. 담당자 연계 후 민원인에게 게시판에 올린 글의 답변 처리 결과를 전달할 예정이다. 민원인은 게시판에 글을 올렸는데 답변이 없어 접수가 됐는지 확인하고 싶다. 확인된 내용은 접수 완료, 담당 배정 중으로 표시되고 있다. 담당자 연계가 필요하므로 민원인의 이름과 게시판에 올린 글의 제목을 확인하고 담당자 연계 후 민원인에게 답변 처리 결과를 전달할 예정이다."
SCB-P044,Base,소통·민원절차,복합,안내,상담 예약과 녹취 문의,안내,추가확인,1,0,1,381,356,-25,6,0.09523809523809523,1,0.01639344262295082,3,0.0,0.0,0.0,통화 | 절차에 | 개인정보 | 수집 | 이용에,"1. 핵심 요약: 상담 예약 절차와 상담 전화 녹음 여부에 대해 문의하며, 개인 번호 공개 여부를 확인하고자 합니다.  
2. 1차 처리 방향: 안내  
3. 확인할 사항: 없음  
4. 처리 계획: 우선 상담 예약 절차와 녹음 관련 안내를 제공하고, 개인 번호 공개 여부에 대한 정책을 설명합니다. 개인정보는 처리 목적과 범위를 명시하여 안전하게 관리하겠습니다.  
5. 회신 초안:  
민원인님, 안녕하세요. 상담 예약은 학교 대표 상담 창구에서 접수되며, 상담 전화는 연결 시 자동 안내가 나오고, 녹음 목적은 별도 공지에서 확인하실 수 있습니다. 또한, 교사의 개인 번호는 공개되지 않도록 개인정보를 안전하게 관리하고 있습니다. 궁금한 점이 있으시면 언제든지 문의해 주세요.","1. 핵심 요약: 민원인은 상담 예약 절차와 통화 녹음 여부를 문의하며, 통화 녹음 관련 안내는 제공되었으나 예약 방법에 대한 구체적 정보가 부족하다.  
2. 1차 처리 방향: 추가확인  
3. 확인할 사항: 상담 예약을 어디서 할 수 있는지, 예약 시 필요한 정보는 무엇인지  
4. 처리 계획: 예약 방법 및 절차에 대한 확인 후, 민원인에게 안내할 예정이며, 개인정보 수집·이용에 대한 동의 여부는 별도로 확인할 예정이다.  
5. 회신 초안: 안녕하세요. 민원인의 문의에 대해 확인을 위해 예약 절차 및 필요한 정보를 확인해 드리겠습니다. 이후 상담 예약 방법과 관련하여 자세한 안내를 제공드리겠습니다. 불편을 드려 죄송합니다."
SCB-P044,Public chat SFT,소통·민원절차,복합,안내,상담 예약과 녹취 문의,안내,안내,1,1,0,264,270,6,0,0.0,0,0.0,0,0.4107142857142857,0.2909090909090909,-0.1198051948051948,,"1. 민원인은 상담 예약 방법과 통화 녹음 여부에 대해 문의했다. 학교는 상담 예약을 대표 상담 창구에서 하고, 녹음 시 자동 안내가 발생하며 교사의 개인 번호는 공개하지 않는다.
2. 안내
3. 없음
4. 학교는 상담 예약을 대표 상담 창구에서 하고, 녹음 시 자동 안내가 발생하며 교사의 개인 번호는 공개하지 않는다.
5. 민원인의 문의에 대해 학교는 상담 예약을 대표 상담 창구에서 하고, 녹음 시 자동 안내가 발생하며 교사의 개인 번호는 공개하지 않는다고 안내했다.","1. 민원인은 상담 예약 방법과 통화 녹음 여부에 대해 문의했다. 학교는 상담 예약을 대표 상담 창구에서 하고, 녹음 시 자동 안내가 발생하며 교사의 개인 번호는 공개하지 않는다.
2. 안내
3. 없음
4. 우선적으로 학교 대표 상담 창구에서 예약을 진행하고, 녹음 시 자동 안내가 발생하며, 교사의 개인 번호는 공개하지 않는다.
5. 민원인의 문의에 대해 학교는 상담 예약을 대표 상담 창구에서 하고, 녹음 시 자동 안내가 발생하며, 교사의 개인 번호는 공개하지 않는다고 안내했다."
SCB-P045,Base,소통·민원절차,단순,추가확인,답변과 다른 민원 내용,추가확인,추가확인,1,1,0,428,463,35,3,0.037037037037037035,0,0.0,0,0.0,0.0,0.0,정확히 | 확인해 | 있으신,"1. 핵심 요약: 민원인은 기존 문의 내용과 다른 답변을 받았다고 주장하며, 정보 오류가 발생했음을 알리고 있습니다. 현재 접수 기록에는 원래 문의와 답변 내용이 없으며, 다른 사람 정보가 잘못 전달된 보고도 없습니다.  
2. 1차 처리 방향: 추가확인  
3. 확인할 사항: 민원인께서 문의한 내용과 답변을 받은 내용을 구체적으로 알려주시면 확인이 가능합니다.  
4. 처리 계획: 우선 민원인의 문의 내용과 답변을 확인한 후, 정보 오류 여부를 파악하여 관련 부서에 연계하여 재확인 및 재전달 절차를 진행하겠습니다. 개인정보는 보호하여 처리하겠습니다.  
5. 회신 초안: 민원인님, 문의하신 내용과 답변이 다르게 전달된 점 확인하였습니다. 정확한 문의 내용과 답변을 알려주시면 관련 부서와 함께 확인 및 재전달 절차를 진행하겠습니다. 불편을 드려 죄송합니다.","1. 핵심 요약: 민원인은 기존 답변과 내용이 다르다고 주장하며, 정확한 정보를 다시 요청하고 있습니다. 현재 접수 기록에는 원래 문의와 답변 내용이 없으며, 다른 사람 정보가 잘못 전달된 보고도 없습니다.  
2. 1차 처리 방향: 추가확인  
3. 확인할 사항: 민원인께서 문의하신 구체적인 내용과 기존 답변의 내용을 알려주시면 확인이 가능합니다.  
4. 처리 계획: 우선 민원인의 문의 내용을 정확히 파악하여 기존 답변과 비교하고, 필요한 경우 담당자와 연계해 정확한 정보를 제공하겠습니다. 개인정보는 관련 내용에 따라 적절히 처리하겠습니다.  
5. 회신 초안:  
민원인님, 문의하신 내용에 대해 다시 확인해 드리겠습니다.  
기존 답변과의 차이점이 있으신 것으로 보입니다.  
민원인님께서 문의하신 구체적인 내용을 알려주시면,  
확인 후 정확한 정보를 제공드리겠습니다.  
불편을 드려 죄송합니다.  
감사합니다."
SCB-P045,Public chat SFT,소통·민원절차,단순,추가확인,답변과 다른 민원 내용,추출불가,안내,0,0,1,90,252,162,14,0.27450980392156865,0,0.0,0,0.0,0.25531914893617025,0.25531914893617025,학교민원 | 담당자가 | 전화를 | 민원은 | 도와드릴 | 방법을,"민원인은 기존 답변이 내용과 다르다고 주장하며 재답변을 요청했다. 현재 접수 기록에는 원래 문의와 답변 내용이 없고, 다른 사람 정보가 잘못 전달된 보고도 없다.","민원인은 기존 답변에 불만을 표명하며, 접수 기록에 원래 문의와 답변 내용이 없고 다른 사람 정보가 잘못 전달된 사실을 보고했다. 학교민원 처리 매뉴얼에 따르면 담당자가 아닌 경우 민원인에게 전화를 돌려줄 수 있으며, 학부모의 민원은 담당자가 도와드릴 수 있는 방법을 찾아보겠다고 안내한다. 학교민원 처리 매뉴얼에 따르면 담당자가 아닌 경우 민원인에게 전화를 돌려줄 수 있으며, 학부모의 민원은 담당자가 도와드릴 수 있는 방법을 찾아보겠다고 안내한다."
SCB-P046,Base,소통·민원절차,복합,추가확인,여러 경로 접수와 처리 지연,추가확인,추가확인,1,1,0,347,392,45,6,0.0821917808219178,0,0.0,0,0.0,0.07246376811594202,0.07246376811594202,문의를 | 있는지 | 개인정보 | 보호,"1. 핵심 요약: 민원인은 앱과 전화로 문의했으나 부서가 다르게 연결되어 혼란이 있으며, 처리 상황 파악과 연락처 변경이 필요하다.  
2. 1차 처리 방향: 추가확인  
3. 확인할 사항: 문의한 앱 이름과 전화 번호, 문의 내용, 연락처 변경 요청자의 본인 여부  
4. 처리 계획: 우선 문의한 앱 및 전화 번호를 확인하여 해당 부서와 연계해 처리 상황을 파악하고, 본인 여부 확인 후 연락처 변경 절차를 진행할 예정이다.  
5. 회신 초안: 문의하신 앱 및 전화 번호를 확인하여 처리 상황을 안내드리겠습니다. 연락처 변경을 원하시면 본인 여부를 확인해 주시면 변경 절차를 진행하겠습니다. 불편을 드려 죄송합니다.","1. 핵심 요약: 민원인은 앱과 전화로 같은 문의를 두 번 접수해 서로 다른 부서로 이동했으며, 처리 상황 파악과 연락처 변경 요청이 필요하다.  
2. 1차 처리 방향: 추가확인  
3. 확인할 사항: 문의 내용이 동일한지, 기존 담당자 및 접수 날짜·번호를 확인할 수 있는지, 연락처 변경 요청자의 본인 여부  
4. 처리 계획: 문의 내용과 접수 정보를 확인한 후, 담당 부서와 연계해 처리 상황을 안내하고, 연락처 변경 요청 시 개인정보 보호 담당자와 협의해 조치 예정  
5. 회신 초안: 학교에서는 문의 내용과 접수 정보를 확인한 후, 담당 부서와 연계해 처리 상황을 안내드리겠습니다. 연락처 변경 요청이 있으시다면, 개인정보 보호 담당자와 협의하여 조치하겠습니다. 불편을 드려 죄송합니다."
SCB-P046,Public chat SFT,소통·민원절차,복합,추가확인,여러 경로 접수와 처리 지연,추출불가,추출불가,0,0,0,83,114,31,2,0.09090909090909091,0,0.0,0,0.0,0.0,0.0,민원인의 | 문의를,민원인은 학교의 문의 처리 시스템에 대해 불만을 제기하고 있다. 학교는 문의 내용의 일관성과 처리 상황을 확인하기 위해 추가 확인을 진행할 예정이다.,"민원인은 앱과 전화로 문의했으나 서로 다른 부서로 연결되고 처리 상황을 알 수 없어 불편함을 호소했다. 학교는 민원인의 문의를 정확히 판단하고, 상담을 진행하며, 필요 시 서면이나 방문을 유도할 수 있다."
SCB-P047,Base,소통·민원절차,단순,담당자연계,직원에 대한 당일 위해 예고,담당자연계,추가확인,1,0,1,359,511,152,14,0.15217391304347827,2,0.022222222222222223,3,0.0,0.07954545454545459,0.07954545454545459,따라 | 경고 | 통화 | 종료 | 개인정보 | 안전성 | 확보 | 안녕하세요,"1. 핵심 요약: 민원인은 오늘 학교에 찾아가 담당 직원을 다치게 할 계획이라고 밝히며, 혼자 기다리라고 전했다. 해당 직원이 교내에 있다는 점은 확인되었다.  
2. 1차 처리 방향: 담당자연계  
3. 확인할 사항: 민원인의 신분 및 방문 목적  
4. 처리 계획: 우선 담당자와 협의하여 해당 직원의 안전을 위해 대응 방안을 마련하고, 민원인의 신분 및 방문 목적을 확인한 후 추가 조치를 진행할 예정이다. 개인정보는 필요한 범위 내에서만 활용할 예정이다.  
5. 회신 초안: 민원인의 안전을 위해 학교 담당자와 협의 중이오니, 방문 목적 및 신분을 확인해 주시면 더욱 신속한 대응이 가능합니다. 학교의 안전을 위해 협조 부탁드립니다.","1. 핵심 요약: 민원인은 오늘 학교에 찾아가 담당 직원을 다치게 할 것이라며 혼자 기다리라고 전했다. 해당 직원이 교내에 있다는 점은 확인되었으나, 발신자 신원 및 실제 접근 여부는 확인되지 않았다.  
2. 1차 처리 방향: 추가확인  
3. 확인할 사항: 민원인의 신분(학생, 교직원, 외부인 등)과 해당 직원의 구체적인 위치 및 업무 분야  
4. 처리 계획: 우선 민원인의 신분을 확인하고, 해당 직원의 위치와 업무 분야를 파악하여 안전 대응 절차에 따라 경고 및 통화 종료 처리 후, 상급자에게 연계하여 추가 조치를 진행할 예정이다. 개인정보 처리 시에는 관련 규정에 따라 안전성 확보 조치를 준수할 예정이다.  
5. 회신 초안: 안녕하세요. 민원인의 신분과 해당 직원의 구체적인 위치를 확인하기 위해 추가 확인이 필요합니다. 이에 따라 안전 대응 절차에 따라 경고 및 통화 종료 처리 후, 상급자에게 연계하여 추가 조치를 진행할 예정입니다. 민원인의 안전을 최우선으로 고려하여 신속히 대응하겠습니다."
SCB-P047,Public chat SFT,소통·민원절차,단순,담당자연계,직원에 대한 당일 위해 예고,담당자연계,추출불가,1,0,1,368,281,-87,12,0.21428571428571427,0,0.0,0,0.1216216216216216,0.038461538461538436,-0.08316008316008316,여부 | 학교민원 | 따라 | 폭언 | 위법행위에 | 증거 | 확보,"1. 민원인은 학교로 찾아가 담당 직원을 다치게 할 예정이며, 구체적인 당일 예고가 접수되었다. 해당 직원이 교내에 있다는 점은 확인되었으나, 발신자 신원과 실제 접근 여부는 확인되지 않았다.
2. 담당자연계
3. 민원인의 실제 접근 여부와 발신자 신원 확인
4. 학교는 민원인의 접근을 예방하기 위해 안전 대응 절차를 시행하고, 담당 직원의 안전을 최우선으로 고려한다. 민원인의 신원과 접근 여부를 확인한 후 필요한 경우 법적 조치를 검토할 예정이다.
5. 학교는 민원인의 예고된 행동에 대해 안전 대응 절차를 시행하고, 담당 직원의 안전을 최우선으로 고려한다. 민원인의 실제 접근 여부와 발신자 신원을 확인한 후 필요한 경우 법적 조치를 검토할 예정이다.","1. 민원인은 학교 직원을 위협하며, 해당 직원이 교내에 있다는 사실은 확인되었으나 발신자 신원과 실제 접근 여부는 확인되지 않았다.
2. 담당자 연계
3. 민원인의 발신자 신분과 실제 접근 여부
4. 담당자 연계 후 민원인의 발신자 신분과 실제 접근 여부를 확인하고, 학교민원 처리 매뉴얼에 따라 폭언 등 위법행위에 대한 증거 확보 및 후속 조치를 취한다.
5. 민원인은 학교 직원을 위협한 것으로 보이는데, 이는 위법행위에 해당하므로 학교민원 처리 매뉴얼에 따라 증거 확보 및 후속 조치를 취하겠다."
SCB-P048,Base,소통·민원절차,복합,담당자연계,관리자 관련 민원과 불이익 우려,추가확인,추가확인,0,0,0,399,435,36,11,0.14666666666666667,0,0.0,0,0.0,0.0,0.0,대표번호를 | 개인정보 | 수집 | 동의 | 학부모님 | 정확히 | 시에는,"1. 핵심 요약: 민원인은 학교 관리자로부터 제기된 민원이 차단되었으며, 불이익 발생 여부는 확인되지 않았다고 주장합니다. 신청인은 신원을 공개하지 않기를 원합니다.  
2. 1차 처리 방향: 추가확인  
3. 확인할 사항: 민원이 차단되었는지, 불이익 발생 여부, 신청인의 신원 공개 여부  
4. 처리 계획: 민원 내용과 관련된 추가 확인을 위해 학교 관리자와 연계하여 사실관계를 파악하고, 신청인의 신원 공개 여부에 따라 대응 방향을 결정할 예정입니다. 개인정보는 엄격히 보호하여 처리하겠습니다.  
5. 회신 초안: 민원인의 요청에 따라 관련 내용을 확인하기 위해 학교 관리자와 협의 후 안내드리겠습니다. 신원 공개 여부에 따라 처리 방향을 조정하여 불편을 최소화하겠습니다. 확인 후 다시 연락드리겠습니다.","1. 핵심 요약: 민원인은 학교 관리자에게 민원을 접수하지 못했다고 주장하며, 불이익 발생 가능성에 우려하고 있다. 신청인은 신원을 공개하지 않기를 원한다.  
2. 1차 처리 방향: 추가확인  
3. 확인할 사항: 민원인의 신분(보호자 여부, 학생 등) 및 민원 내용의 구체적 사례  
4. 처리 계획: 우선 민원인의 신분과 민원 내용을 확인한 후, 학교 대표번호를 통해 민원 창구로 연결하여 공식적으로 접수 및 처리 절차를 안내할 예정이며, 개인정보 수집 시 동의 절차를 준수할 계획이다.  
5. 회신 초안: 학부모님, 민원 접수에 대한 우려를 이해합니다. 민원 내용을 정확히 파악하기 위해 신분과 구체적인 민원 사례를 확인해 주시면, 학교 대표번호를 통해 공식 민원 창구로 연결하여 처리 절차를 안내드리겠습니다. 개인정보 수집 시에는 반드시 동의 절차를 거칠 예정입니다."
SCB-P048,Public chat SFT,소통·민원절차,복합,담당자연계,관리자 관련 민원과 불이익 우려,추출불가,추가확인,0,0,1,208,379,171,12,0.16666666666666666,0,0.0,0,0.0,0.27941176470588236,0.27941176470588236,민원 | 창구를 | 내용을 | 명확히 | 대표번호를 | 접수하고 | 민원대응팀이,"1. 학교 관리자가 민원인의 제기된 문제에 대해 차단 행위를 하고 있으며, 불이익 발생 여부는 확인되지 않았다. 민원인은 신분을 공개하지 않으려 한다.
2. 담당자 연계
3. 학교 관리자와 담당자의 이름, 차단 행위의 근거, 불이익 발생 여부
4. 학교 관리자와 담당자에게 확인 후 민원인에게 회신할 예정이다.
5. 학교 관리자와 담당자에게 확인 후 민원인에게 회신하겠다.","1. 민원인은 학교 관리자에게 불이익을 당할 것을 두려워하며, 공식 민원 창구를 통해 검토를 요청하고 있다. 학교 관리자 본인에 대한 문제 제기가 있었으나, 차단 행위와 불이익 발생은 아직 확인되지 않았다.
2. 추가확인
3. 민원인의 신분과 민원 내용을 명확히 파악하기 위한 확인
4. 민원인의 신분과 민원 내용을 확인한 후, 학교 대표번호를 통해 민원을 접수하고, 민원대응팀이 응대할 예정이다. 민원인의 개인정보는 최소한으로 수집하고, 처리 과정에서 보호할 계획이다.
5. 민원인은 학교 관리자에게 불이익을 당할 것을 두려워하며, 공식 민원 창구를 통해 검토를 요청하고 있다. 학교 관리자 본인에 대한 문제 제기가 있었으나, 차단 행위와 불이익 발생은 아직 확인되지 않았다."
