item_id,domain,title,rank,chunk_id,source,locator,retrieval_score,relevance_score,relevance_label,misleading_potential,audit_rationale,audit_provenance,chunk_text_sha256
SCB-P001,교육활동,공개수업 시간 재안내,1,MOE_SCM_2026_P046_C02,학교민원 처리 매뉴얼,PDF page 46,0.0430804007,1,관련·일반,0,민원 응대와 담당 연결 일반론으로 시간·장소의 직접 근거는 아님,v0.10.0 나머지 24문항 신규 감사,0ad38bf66581646af89cd703b0cf6363842868749c531f89df3c7beb87fea8e0
SCB-P001,교육활동,공개수업 시간 재안내,2,MOE_SCM_2026_P047_C02,학교민원 처리 매뉴얼,PDF page 47,0.0425348894,1,관련·일반,0,담당자 연결 표현만 간접적으로 관련됨,v0.10.0 나머지 24문항 신규 감사,3ada6d3f4929501999ef003cd54356cd47bcb6a755f1d8355a6532f4157707c5
SCB-P001,교육활동,공개수업 시간 재안내,3,MOE_GUIDANCE_2026_DOC_C07,교원의 학생생활지도에 관한 고시,document 1,0.023327041,0,무관,1,학생 상담·비공개 규정으로 공개수업 일정 안내와 무관함,v0.10.0 나머지 24문항 신규 감사,35be04e289cf42cd3feebacfda1271ae491b9ca68cf45ae6717b0b7f76240e46
SCB-P001,교육활동,공개수업 시간 재안내,4,MOE_GUIDANCE_2026_DOC_C04,교원의 학생생활지도에 관한 고시,document 1,0.0156194669,0,무관,1,학생 생활지도 책무로 일정 혼선을 설명할 수 없음,v0.10.0 나머지 24문항 신규 감사,0ec23de2914e72c0aecde734fc8b49e7b0c932c17b7b520d20ccb9760f1847c1
SCB-P002,교육활동,현장체험 참가 선택과 대체수업,1,MOE_SCM_2026_P047_C01,학교민원 처리 매뉴얼,PDF page 47,0.0616663023,1,관련·일반,0,전화 민원 응대 일반론으로 체험학습 일정·비용에 직접 답하지 못함,v0.9.0 선정 24문항 감사 승계,0ebcc4d2cee1bfc9cc0b17cc5e0cd1d98ea94cd051a002db2896842d3cae8951
SCB-P002,교육활동,현장체험 참가 선택과 대체수업,2,MOE_SCM_2026_P052_C01,학교민원 처리 매뉴얼,PDF page 52,0.05099072,0,무관,1,상급자 통화 요구 절차로 이 사례의 요구와 다름,v0.9.0 선정 24문항 감사 승계,19ace45d11133999851ad4f755725e2242bb93618c2617bddbc3386e7359267c
SCB-P002,교육활동,현장체험 참가 선택과 대체수업,3,MOE_GUIDANCE_2026_DOC_C12,교원의 학생생활지도에 관한 고시,document 1,0.0300467682,0,무관,1,생활지도·훈계 규정으로 체험학습 선택과 무관함,v0.9.0 선정 24문항 감사 승계,e372fc9ac8720bd3dd881101d04a46484a6d36c602d135956dc8959307897780
SCB-P002,교육활동,현장체험 참가 선택과 대체수업,4,MOE_SAFETY_2025_2027_DOC_C37,제4차 학교안전사고 예방 기본계획(2025~2027),document 1,0.0215814543,0,무관,0,학교안전 보상 통계로 일정·대체수업과 무관함,v0.9.0 선정 24문항 감사 승계,ae2892bfc57107e1c8eae4f12118eb037aa3ffee6bda8ca142dd4ee78148ded2
SCB-P003,교육활동,과제량 증가 주장,1,MOE_SCM_2026_P050_C01,학교민원 처리 매뉴얼,PDF page 50,0.0443293336,0,무관,1,폭언·장시간 통화 대응으로 과제 부담 확인과 무관함,v0.10.0 나머지 24문항 신규 감사,2e46f4a467f018dfadf4169f907fd3e6ad3f894b9a5398f4f8b437d953da2f55
SCB-P003,교육활동,과제량 증가 주장,2,MOE_SCM_2026_P047_C01,학교민원 처리 매뉴얼,PDF page 47,0.0345444159,1,관련·일반,0,민원 사실 파악 일반 절차로 간접 관련됨,v0.10.0 나머지 24문항 신규 감사,0ebcc4d2cee1bfc9cc0b17cc5e0cd1d98ea94cd051a002db2896842d3cae8951
SCB-P003,교육활동,과제량 증가 주장,3,MOE_GUIDANCE_2026_DOC_C07,교원의 학생생활지도에 관한 고시,document 1,0.0199166374,1,관련·일반,0,학생 상담 일반론은 관련되지만 과제량 조정의 직접 근거는 아님,v0.10.0 나머지 24문항 신규 감사,35be04e289cf42cd3feebacfda1271ae491b9ca68cf45ae6717b0b7f76240e46
SCB-P003,교육활동,과제량 증가 주장,4,MOE_GUIDANCE_2026_DOC_C04,교원의 학생생활지도에 관한 고시,document 1,0.0137404085,1,관련·일반,0,학생 성장 지원 일반론으로 확인 질문에 직접 답하지 못함,v0.10.0 나머지 24문항 신규 감사,0ec23de2914e72c0aecde734fc8b49e7b0c932c17b7b520d20ccb9760f1847c1
SCB-P004,교육활동,준비물 구매와 평가 반영 우려,1,STAR_RECORD_2026_P103_C01,2026학년도 학교생활기록부 기재요령(초등학교),PDF page 103,0.0405935683,0,무관,0,전출·재취학 학생의 성적 보관 규정으로 준비물 감점 확인과 무관함,v0.9.0 선정 24문항 감사 승계,4a0efe18d998f2ebd84bb51d105339d6bcc8511cf8fbdfe93e2164657f78568b
SCB-P004,교육활동,준비물 구매와 평가 반영 우려,2,STAR_RECORD_2026_P101_C03,2026학년도 학교생활기록부 기재요령(초등학교),PDF page 101,0.0385239242,2,직접 근거,0,평가계획·이의처리와 공정성 원칙은 평가기준 확인에 직접 도움이 됨,v0.9.0 선정 24문항 감사 승계,b608fd1d1b08266bca8de0421105a9d6fe7392ba6c0874a8cfbbe942d93aed6b
SCB-P004,교육활동,준비물 구매와 평가 반영 우려,3,SEN_PRIVACY_2026_P085_C01,각급학교 개인정보 보호 도움자료,PDF page 85,0.0299454031,0,무관,0,에듀테크 개인정보 동의 예시로 준비물·평가기준과 무관함,v0.9.0 선정 24문항 감사 승계,32e21f63f2426e151fac08ec085eadcf74a06041a9e1372d1c1ab696d23f1db9
SCB-P004,교육활동,준비물 구매와 평가 반영 우려,4,SEN_PRIVACY_2026_P083_C04,각급학교 개인정보 보호 도움자료,PDF page 83,0.0272256381,0,무관,0,플랫폼 개인정보 항목 예시로 준비물 민원과 무관함,v0.9.0 선정 24문항 감사 승계,4c5dccc802e5fbfff2d60d45902e712296b5e59e43940258f7e83e851cbeaaa6
SCB-P005,교육활동,수업 참여 배제 조정 요청,1,MOE_SCM_2026_P047_C01,학교민원 처리 매뉴얼,PDF page 47,0.0790850333,1,관련·일반,0,민원 응대 일반론으로 접근성 요청 절차에만 간접 관련됨,v0.10.0 나머지 24문항 신규 감사,0ebcc4d2cee1bfc9cc0b17cc5e0cd1d98ea94cd051a002db2896842d3cae8951
SCB-P005,교육활동,수업 참여 배제 조정 요청,2,MOE_GUIDANCE_2026_DOC_C09,교원의 학생생활지도에 관한 고시,document 1,0.04342611,0,무관,1,학생 훈육 규정으로 이동지원·편의 제공과 무관함,v0.10.0 나머지 24문항 신규 감사,405cf450bcc6eed60f673bff2828beb3ca192e137012d70bca900d314daa8cfe
SCB-P005,교육활동,수업 참여 배제 조정 요청,3,MOE_SCM_2026_P049_C01,학교민원 처리 매뉴얼,PDF page 49,0.0345088028,0,무관,1,폭언 민원 대응으로 정상적인 접근성 요청과 무관함,v0.10.0 나머지 24문항 신규 감사,accb82c542d59eaf7bf5bb8aadd2a78333869b10de4f9f5e664c17c3f224348f
SCB-P005,교육활동,수업 참여 배제 조정 요청,4,MOE_GUIDANCE_2026_DOC_C12,교원의 학생생활지도에 관한 고시,document 1,0.0259304794,0,무관,1,생활지도 규정으로 접근성 조정과 무관함,v0.10.0 나머지 24문항 신규 감사,e372fc9ac8720bd3dd881101d04a46484a6d36c602d135956dc8959307897780
SCB-P006,교육활동,수업 중 모욕 주장과 공개 사과 요구,1,MOE_VIOLENCE_2026_P065_C03,2026학년도 학교폭력 사안처리 가이드북,PDF page 65,0.1031262697,1,관련·일반,1,학생 간 학교폭력 안내를 교사 발언 민원에 바로 적용하면 사안 오분류 위험이 있음,v0.9.0 선정 24문항 감사 승계,a566b2a77a6aa4a053222db649c13b34aad67cd6588a56ed7b539065763c60cd
SCB-P006,교육활동,수업 중 모욕 주장과 공개 사과 요구,2,MOE_VIOLENCE_2026_P139_C03,2026학년도 학교폭력 사안처리 가이드북,PDF page 139,0.0760554567,0,무관,1,학교폭력 손해배상 책임 설명으로 현재 사실확인·학생 보호와 무관함,v0.9.0 선정 24문항 감사 승계,89a63a748ffbc29b835d5ec0576f25995b050afe4f9408f889d88b2415b0db3f
SCB-P006,교육활동,수업 중 모욕 주장과 공개 사과 요구,3,MOE_SCM_2026_P047_C02,학교민원 처리 매뉴얼,PDF page 47,0.0397921068,1,관련·일반,0,담당자 연결 표현은 일반 절차로 제한적으로 관련됨,v0.9.0 선정 24문항 감사 승계,3ada6d3f4929501999ef003cd54356cd47bcb6a755f1d8355a6532f4157707c5
SCB-P006,교육활동,수업 중 모욕 주장과 공개 사과 요구,4,MOE_SCM_2026_P022_C04,학교민원 처리 매뉴얼,PDF page 22,0.0369181496,0,무관,1,교원 피해·성적 언동 맥락으로 민원 당사자와 사건 유형을 뒤바꿀 위험이 있음,v0.9.0 선정 24문항 감사 승계,7f9d2fe260a1ee373361f9eb97378f2491f88b0a0c2463b8caca31c0bffebe58
SCB-P007,평가·기록,답안 확인 일정,1,STAR_RECORD_2026_P098_C02,2026학년도 학교생활기록부 기재요령(초등학교),PDF page 98,0.0467328341,1,관련·일반,0,평가 운영 일반 원칙은 관련되지만 신청 기간·장소의 직접 근거는 아님,v0.9.0 선정 24문항 감사 승계,c009de7708176b2642d4d105531a22f1e40f22719f7ab996049e210dc8307954
SCB-P007,평가·기록,답안 확인 일정,2,MOE_SCM_2026_P050_C01,학교민원 처리 매뉴얼,PDF page 50,0.0466307313,0,무관,1,폭언·장시간 통화 대응으로 정상적인 일정 문의와 무관함,v0.9.0 선정 24문항 감사 승계,2e46f4a467f018dfadf4169f907fd3e6ad3f894b9a5398f4f8b437d953da2f55
SCB-P007,평가·기록,답안 확인 일정,3,MOE_SCM_2026_P014_C03,학교민원 처리 매뉴얼,PDF page 14,0.0444290078,1,관련·일반,0,담당자 협조 일반 절차는 간접적으로 관련됨,v0.9.0 선정 24문항 감사 승계,7949eac388c27ab8365e87136cee51a0230725d620c864dd2247aa349e58e9ce
SCB-P007,평가·기록,답안 확인 일정,4,SEN_PRIVACY_2026_P082_C03,각급학교 개인정보 보호 도움자료,PDF page 82,0.0410760903,0,무관,0,SMS·스쿨뱅킹 개인정보 동의 예시로 답안 확인 일정과 무관함,v0.9.0 선정 24문항 감사 승계,d6bbf0c8c65b4c5863b116b513ed88e76988040b318aea9fe6fa6d571031a43e
SCB-P008,평가·기록,결석계 제출과 출결 확인 시점,1,STAR_RECORD_2026_P115_C03,2026학년도 학교생활기록부 기재요령(초등학교),PDF page 115,0.0843626334,1,관련·일반,1,기록 정정 일반 절차는 관련되지만 현재 출결 대기 상태에 곧바로 적용하면 과잉 절차가 됨,v0.10.0 나머지 24문항 신규 감사,83a71edd57ffe44e58c008132088a6e6e0575c9f4d2b4224c113001f521d093c
SCB-P008,평가·기록,결석계 제출과 출결 확인 시점,2,STAR_RECORD_2026_P079_C04,2026학년도 학교생활기록부 기재요령(초등학교),PDF page 79,0.0515171593,0,무관,1,학교폭력 출석인정 규정으로 일반 출결 화면 오류와 무관함,v0.10.0 나머지 24문항 신규 감사,6466ff8cf39019272bc1bdabeee663fae32f2d3445e1a666e5b0a2eb347b8044
SCB-P008,평가·기록,결석계 제출과 출결 확인 시점,3,MOE_SCM_2026_P047_C01,학교민원 처리 매뉴얼,PDF page 47,0.0485144711,1,관련·일반,0,민원 확인 일반론으로 간접 관련됨,v0.10.0 나머지 24문항 신규 감사,0ebcc4d2cee1bfc9cc0b17cc5e0cd1d98ea94cd051a002db2896842d3cae8951
SCB-P008,평가·기록,결석계 제출과 출결 확인 시점,4,SEN_PRIVACY_2026_P049_C02,각급학교 개인정보 보호 도움자료,PDF page 49,0.0466365809,0,무관,1,개인정보 파기 절차로 출결 상태 정정과 무관함,v0.10.0 나머지 24문항 신규 감사,e10fd0e5d511214ddcb06e4c2cb98c3c45bb0d1e18737c154a8d219cba40f9d9
SCB-P009,평가·기록,점수 입력 오류 의심,1,STAR_RECORD_2026_P100_C03,2026학년도 학교생활기록부 기재요령(초등학교),PDF page 100,0.0692984951,1,관련·일반,0,평가 결과 확인·위원회 일반론은 관련되지만 입력 오류 확인의 직접 근거는 아님,v0.10.0 나머지 24문항 신규 감사,3d3be464b8861071ba2e12a1e75391eddf4adcef93aee8ac98b4c607da6f4012
SCB-P009,평가·기록,점수 입력 오류 의심,2,SEN_PRIVACY_2026_P049_C01,각급학교 개인정보 보호 도움자료,PDF page 49,0.0518460964,0,무관,1,개인정보 처리 위탁 규정으로 성적 입력 불일치와 무관함,v0.10.0 나머지 24문항 신규 감사,04b01c6cc57c2ef2040a9c46242d73175cc0978f867f6da5634609c9aceb3c50
SCB-P009,평가·기록,점수 입력 오류 의심,3,STAR_RECORD_2026_P098_C01,2026학년도 학교생활기록부 기재요령(초등학교),PDF page 98,0.0479644962,1,관련·일반,0,평가 관찰과 부담 완화 일반론으로 간접 관련됨,v0.10.0 나머지 24문항 신규 감사,c01a8672573e384d1755aaaad59e92c4161e942569d4958c5c9f5c26e68431af
SCB-P009,평가·기록,점수 입력 오류 의심,4,MOE_SCM_2026_P047_C01,학교민원 처리 매뉴얼,PDF page 47,0.0430211624,1,관련·일반,0,민원 응대 일반론으로 간접 관련됨,v0.10.0 나머지 24문항 신규 감사,0ebcc4d2cee1bfc9cc0b17cc5e0cd1d98ea94cd051a002db2896842d3cae8951
SCB-P010,평가·기록,보충평가와 출결의 혼동,1,STAR_RECORD_2026_P058_C03,2026학년도 학교생활기록부 기재요령(초등학교),PDF page 58,0.0715378527,0,무관,1,학교폭력 사유 출석인정 규정을 대회 출결에 적용할 위험이 있음,v0.9.0 선정 24문항 감사 승계,7bf11f0c65d581b19c5869479012d4191dd8a07eacf5036238c1c3f51cb0da04
SCB-P010,평가·기록,보충평가와 출결의 혼동,2,STAR_RECORD_2026_P056_C05,2026학년도 학교생활기록부 기재요령(초등학교),PDF page 56,0.0549885449,1,관련·일반,1,학생선수 대회 출결 규정은 조건부로 관련되지만 학생선수 여부가 확인되지 않음,v0.9.0 선정 24문항 감사 승계,17676cc34ff66495bb509f9621726b58492ceaa491d6a7c8df2ca060e064c241
SCB-P010,평가·기록,보충평가와 출결의 혼동,3,MOE_SCM_2026_P047_C01,학교민원 처리 매뉴얼,PDF page 47,0.0422965244,1,관련·일반,0,전화 민원 응대 일반론으로 확인 절차에만 간접 관련됨,v0.9.0 선정 24문항 감사 승계,0ebcc4d2cee1bfc9cc0b17cc5e0cd1d98ea94cd051a002db2896842d3cae8951
SCB-P010,평가·기록,보충평가와 출결의 혼동,4,MOE_SCM_2026_P049_C02,학교민원 처리 매뉴얼,PDF page 49,0.0344285029,0,무관,1,폭언 민원 대응으로 출결·보충평가와 무관함,v0.9.0 선정 24문항 감사 승계,381c869a0f1c9fe18cca02411600b7c79e547d0a69e52e3fc253078090dd90a4
SCB-P011,평가·기록,확인된 성적 오기 정정,1,STAR_RECORD_2026_P019_C03,2026학년도 학교생활기록부 기재요령(초등학교),PDF page 19,0.0499578842,0,무관,1,진로활동 기록 이관 규정으로 점수 오기 정정과 무관함,v0.10.0 나머지 24문항 신규 감사,5497bde6e60e6d4bb1f1d42f550992f952ce6eff1a81125b4db4b46fd3718284
SCB-P011,평가·기록,확인된 성적 오기 정정,2,STAR_RECORD_2026_P122_C01,2026학년도 학교생활기록부 기재요령(초등학교),PDF page 122,0.0467432847,0,무관,1,전출 기록 이관 규정으로 현재 점수 입력 오류와 무관함,v0.10.0 나머지 24문항 신규 감사,8cf0e99cb9274668dbf2e8ecb93920127046308502d3898a7770a9d2122b43f4
SCB-P011,평가·기록,확인된 성적 오기 정정,3,MOE_SCM_2026_P011_C02,학교민원 처리 매뉴얼,PDF page 11,0.0339296641,0,무관,1,특이민원 분류 절차로 정상적인 정정 요청과 무관함,v0.10.0 나머지 24문항 신규 감사,00a0b719343ee987065b9b2bb4f908124395ac5c8fba4a7e3e02b93282f7967e
SCB-P011,평가·기록,확인된 성적 오기 정정,4,MOE_SCM_2026_P012_C02,학교민원 처리 매뉴얼,PDF page 12,0.0332573063,0,무관,1,민원 거부·종결 규정으로 정정 처리와 무관함,v0.10.0 나머지 24문항 신규 감사,c286d73bde04369cb235bf003ad509e4de26246f04f6211ed6d930279e513ad0
SCB-P012,평가·기록,평가기준 이의와 타 학생 답안 요구,1,SEN_PRIVACY_2026_P049_C03,각급학교 개인정보 보호 도움자료,PDF page 49,0.0504943787,0,무관,1,개인정보 파기 절차를 타 학생 답안 제공 요구에 바로 적용할 위험이 있음,v0.9.0 선정 24문항 감사 승계,df146b48c86682a9e1ad1173b73b3dffae5d98efcfdc24d493f9909636887d5f
SCB-P012,평가·기록,평가기준 이의와 타 학생 답안 요구,2,SEN_PRIVACY_2026_P050_C01,각급학교 개인정보 보호 도움자료,PDF page 50,0.0469478068,2,직접 근거,0,타인의 이익과 성적평가를 이유로 열람이 제한될 수 있다는 직접 근거임,v0.9.0 선정 24문항 감사 승계,5754257f04fac5c6c47d8a4c97477c8b240caa043ddf8c01161ebb8b817e9096
SCB-P012,평가·기록,평가기준 이의와 타 학생 답안 요구,3,MOE_SCM_2026_P047_C01,학교민원 처리 매뉴얼,PDF page 47,0.0321010392,1,관련·일반,0,전화 민원 응대 일반론으로 담당 연결에만 간접 관련됨,v0.9.0 선정 24문항 감사 승계,0ebcc4d2cee1bfc9cc0b17cc5e0cd1d98ea94cd051a002db2896842d3cae8951
SCB-P012,평가·기록,평가기준 이의와 타 학생 답안 요구,4,STAR_RECORD_2026_P040_C01,2026학년도 학교생활기록부 기재요령(초등학교),PDF page 40,0.0291682884,0,무관,0,전입학·수료 출석 기준으로 평가 이의와 무관함,v0.9.0 선정 24문항 감사 승계,ddfd87a1090de6f478f94af0d3f7e1412fe961568384c2effc291eb08e4b23f7
SCB-P013,생활지도·관계갈등,교내 휴대전화 보관 안내,1,MOE_SCM_2026_P048_C02,학교민원 처리 매뉴얼,PDF page 48,0.0512830275,0,무관,1,폭언 전화 대응으로 단순 휴대전화 반환 문의와 무관함,v0.9.0 선정 24문항 감사 승계,16a0d15f9d2ff6bef46f4f7c19480162d2e30b42316bea4863312458c46f996f
SCB-P013,생활지도·관계갈등,교내 휴대전화 보관 안내,2,MOE_SCM_2026_P047_C01,학교민원 처리 매뉴얼,PDF page 47,0.0440413201,1,관련·일반,0,전화 문의 응대 표현만 간접적으로 관련됨,v0.9.0 선정 24문항 감사 승계,0ebcc4d2cee1bfc9cc0b17cc5e0cd1d98ea94cd051a002db2896842d3cae8951
SCB-P013,생활지도·관계갈등,교내 휴대전화 보관 안내,3,MOE_GUIDANCE_2026_DOC_C07,교원의 학생생활지도에 관한 고시,document 1,0.0322986525,1,관련·일반,0,학생 생활지도의 일반 범위로 휴대전화 규정에 직접 답하지 못함,v0.9.0 선정 24문항 감사 승계,35be04e289cf42cd3feebacfda1271ae491b9ca68cf45ae6717b0b7f76240e46
SCB-P013,생활지도·관계갈등,교내 휴대전화 보관 안내,4,MOE_GUIDANCE_2026_DOC_C12,교원의 학생생활지도에 관한 고시,document 1,0.0153668988,1,관련·일반,1,훈계·과제 부여 규정을 단순 반환 안내에 적용할 위험이 있음,v0.9.0 선정 24문항 감사 승계,e372fc9ac8720bd3dd881101d04a46484a6d36c602d135956dc8959307897780
SCB-P014,생활지도·관계갈등,분실물 보관과 물병 세척,1,MOE_SCM_2026_P049_C01,학교민원 처리 매뉴얼,PDF page 49,0.0579888369,0,무관,1,폭언 전화 대응으로 분실물 문의와 무관함,v0.10.0 나머지 24문항 신규 감사,accb82c542d59eaf7bf5bb8aadd2a78333869b10de4f9f5e664c17c3f224348f
SCB-P014,생활지도·관계갈등,분실물 보관과 물병 세척,2,MOE_SCM_2026_P047_C01,학교민원 처리 매뉴얼,PDF page 47,0.0309757853,1,관련·일반,0,민원 확인·안내 일반론으로 간접 관련됨,v0.10.0 나머지 24문항 신규 감사,0ebcc4d2cee1bfc9cc0b17cc5e0cd1d98ea94cd051a002db2896842d3cae8951
SCB-P014,생활지도·관계갈등,분실물 보관과 물병 세척,3,MOE_GUIDANCE_2026_DOC_C11,교원의 학생생활지도에 관한 고시,document 1,0.0178611586,0,무관,1,위험 물품 분리보관 규정으로 분실 물병 처리와 무관함,v0.10.0 나머지 24문항 신규 감사,1542aa33b8b63d993552f2f5db6568ea7ea546eb2896481ee2268151f2bdd2ab
SCB-P014,생활지도·관계갈등,분실물 보관과 물병 세척,4,MOE_GUIDANCE_2026_DOC_C07,교원의 학생생활지도에 관한 고시,document 1,0.0172298633,0,무관,1,학생 상담 규정으로 분실물 반환과 무관함,v0.10.0 나머지 24문항 신규 감사,35be04e289cf42cd3feebacfda1271ae491b9ca68cf45ae6717b0b7f76240e46
SCB-P015,생활지도·관계갈등,쉬는 시간 말다툼 상담,1,MOE_VIOLENCE_2026_P150_C02,2026학년도 학교폭력 사안처리 가이드북,PDF page 150,0.0845010927,1,관련·일반,1,학교폭력 접수 서식은 관련 가능하지만 사실확인 전 언쟁을 정식 사안으로 확정할 위험이 있음,v0.10.0 나머지 24문항 신규 감사,18e57c24e52d83c12267c0c3cb5c3d801d0ed35049b6df53565c6da41c36bcf3
SCB-P015,생활지도·관계갈등,쉬는 시간 말다툼 상담,2,MOE_VIOLENCE_2026_P063_C01,2026학년도 학교폭력 사안처리 가이드북,PDF page 63,0.0822879918,1,관련·일반,0,학생 의견 청취·사실확인 일반 절차로 관련됨,v0.10.0 나머지 24문항 신규 감사,376a7ad745707c34ea77a8d07250bd87c70f7071a54ee10f8b4991abe1a923a2
SCB-P015,생활지도·관계갈등,쉬는 시간 말다툼 상담,3,MOE_SCM_2026_P047_C02,학교민원 처리 매뉴얼,PDF page 47,0.0493365956,1,관련·일반,0,민원 처리 일반론으로 간접 관련됨,v0.10.0 나머지 24문항 신규 감사,3ada6d3f4929501999ef003cd54356cd47bcb6a755f1d8355a6532f4157707c5
SCB-P015,생활지도·관계갈등,쉬는 시간 말다툼 상담,4,MOE_SCM_2026_P057_C02,학교민원 처리 매뉴얼,PDF page 57,0.0367648996,0,무관,1,폭력적 방문자 대응으로 학생 간 말다툼과 무관함,v0.10.0 나머지 24문항 신규 감사,d7f02dda3bc36b73c171342570d7ed7c482764695634a83c0eeec3e857537716
SCB-P016,생활지도·관계갈등,자리 배치와 반복 소외 우려,1,MOE_VIOLENCE_2026_P066_C02,2026학년도 학교폭력 사안처리 가이드북,PDF page 66,0.0649888719,1,관련·일반,1,학교폭력 긴급조치를 사실확인 전 관계 소외 사례에 적용할 위험이 있음,v0.9.0 선정 24문항 감사 승계,c1725f2fe8146e3f02a74359604f14e89d7cbd93adfd4175457d092415c34807
SCB-P016,생활지도·관계갈등,자리 배치와 반복 소외 우려,2,MOE_VIOLENCE_2026_P163_C02,2026학년도 학교폭력 사안처리 가이드북,PDF page 163,0.063958278,0,무관,1,학교폭력 후속 신청서 조각으로 초기 사실확인과 무관함,v0.9.0 선정 24문항 감사 승계,7ba44dc63ad3cba98704f83b5adc09b55c4ccd81a4405361a08ad1fe926104f8
SCB-P016,생활지도·관계갈등,자리 배치와 반복 소외 우려,3,MOE_SCM_2026_P047_C02,학교민원 처리 매뉴얼,PDF page 47,0.0635198709,1,관련·일반,0,담당자 연결 표현은 일반 절차로 간접 관련됨,v0.9.0 선정 24문항 감사 승계,3ada6d3f4929501999ef003cd54356cd47bcb6a755f1d8355a6532f4157707c5
SCB-P016,생활지도·관계갈등,자리 배치와 반복 소외 우려,4,MOE_SCM_2026_P052_C01,학교민원 처리 매뉴얼,PDF page 52,0.0586335126,0,무관,1,상급자 통화 요구 절차로 현재 요구와 무관함,v0.9.0 선정 24문항 감사 승계,19ace45d11133999851ad4f755725e2242bb93618c2617bddbc3386e7359267c
SCB-P017,생활지도·관계갈등,오늘 발생한 폭행 위협,1,MOE_SCM_2026_P022_C04,학교민원 처리 매뉴얼,PDF page 22,0.0747028423,0,무관,1,교원 대상 성적 언동·손해배상 맥락으로 학생 위협 사건과 무관함,v0.9.0 선정 24문항 감사 승계,7f9d2fe260a1ee373361f9eb97378f2491f88b0a0c2463b8caca31c0bffebe58
SCB-P017,생활지도·관계갈등,오늘 발생한 폭행 위협,2,MOE_VIOLENCE_2026_P082_C01,2026학년도 학교폭력 사안처리 가이드북,PDF page 82,0.0691220263,1,관련·일반,0,피해학생 안정과 관계회복은 관련되지만 즉시 안전 확보의 직접 근거는 아님,v0.9.0 선정 24문항 감사 승계,eb84bb508447d5217aabf1334d1d35446009289275ac447e6cb2ebde09354e82
SCB-P017,생활지도·관계갈등,오늘 발생한 폭행 위협,3,MOE_VIOLENCE_2026_P064_C03,2026학년도 학교폭력 사안처리 가이드북,PDF page 64,0.0646230376,1,관련·일반,0,학생·보호자 의견 청취와 조사는 관련되지만 긴급 보호 조치가 부족함,v0.9.0 선정 24문항 감사 승계,237da691b17f6bfd964646f32d1fac2b533dd336b9261c1ecdb4e8c9bef2f882
SCB-P017,생활지도·관계갈등,오늘 발생한 폭행 위협,4,MOE_SCM_2026_P047_C01,학교민원 처리 매뉴얼,PDF page 47,0.0515484759,1,관련·일반,0,전화 민원 응대 일반론으로 제한적으로 관련됨,v0.9.0 선정 24문항 감사 승계,0ebcc4d2cee1bfc9cc0b17cc5e0cd1d98ea94cd051a002db2896842d3cae8951
SCB-P018,생활지도·관계갈등,반복 금품 요구와 대질 요구,1,MOE_VIOLENCE_2026_P032_C02,2026학년도 학교폭력 사안처리 가이드북,PDF page 32,0.0704366745,2,직접 근거,0,당사자를 억지로 대면시키지 않고 분리 상담하라는 직접 근거임,v0.10.0 나머지 24문항 신규 감사,cc18cb0db395059ae40f31c58381c57b62485ba974a03be2d2f2ce4c9c708788
SCB-P018,생활지도·관계갈등,반복 금품 요구와 대질 요구,2,MOE_SCM_2026_P047_C02,학교민원 처리 매뉴얼,PDF page 47,0.0649224552,1,관련·일반,0,민원 처리 일반론으로 간접 관련됨,v0.10.0 나머지 24문항 신규 감사,3ada6d3f4929501999ef003cd54356cd47bcb6a755f1d8355a6532f4157707c5
SCB-P018,생활지도·관계갈등,반복 금품 요구와 대질 요구,3,MOE_VIOLENCE_2026_P015_C04,2026학년도 학교폭력 사안처리 가이드북,PDF page 15,0.0644770174,1,관련·일반,0,학교폭력 예방 가치 일반론으로 간접 관련됨,v0.10.0 나머지 24문항 신규 감사,808d48e3a2209b4d1156b898d35a865a37ddb5210be9ca6e45854ab3165d15ce
SCB-P018,생활지도·관계갈등,반복 금품 요구와 대질 요구,4,MOE_SCM_2026_P049_C01,학교민원 처리 매뉴얼,PDF page 49,0.0402208368,0,무관,1,폭언 민원 대응으로 학생 간 금전 요구와 무관함,v0.10.0 나머지 24문항 신규 감사,accb82c542d59eaf7bf5bb8aadd2a78333869b10de4f9f5e664c17c3f224348f
SCB-P019,급식·보건,변경된 급식 메뉴,1,MOE_SCM_2026_P059_C02,학교민원 처리 매뉴얼,PDF page 59,0.0693802758,0,무관,0,특이민원 이첩 서식으로 오늘 메뉴 안내와 무관함,v0.9.0 선정 24문항 감사 승계,d7e2218d0109cbc79cb515aeec5506f7c7c4fef66512631ba23718cdf2660fb2
SCB-P019,급식·보건,변경된 급식 메뉴,2,MOE_MEAL_2021_P137_C03,제5차 개정 학교급식 위생관리 지침서,PDF page 137,0.0458551303,0,무관,0,손씻기 교육으로 메뉴 변경 안내와 무관함,v0.9.0 선정 24문항 감사 승계,fd7dd3d26af16287353eb7fbbd05d455b58230682ea4ddb43634b036c8a5d010
SCB-P019,급식·보건,변경된 급식 메뉴,3,MOE_MEAL_2021_P022_C01,제5차 개정 학교급식 위생관리 지침서,PDF page 22,0.0392674865,1,관련·일반,0,급식 위생 일반 내용이지만 실제 메뉴 확인의 직접 근거는 아님,v0.9.0 선정 24문항 감사 승계,fb545626bd4b180568deaa0fc9c97463c50773faa8f9ccb93511037a33c45382
SCB-P019,급식·보건,변경된 급식 메뉴,4,MOE_SCM_2026_P047_C01,학교민원 처리 매뉴얼,PDF page 47,0.038782295,1,관련·일반,0,전화 민원 응대 일반론으로 간접 관련됨,v0.9.0 선정 24문항 감사 승계,0ebcc4d2cee1bfc9cc0b17cc5e0cd1d98ea94cd051a002db2896842d3cae8951
SCB-P020,급식·보건,식단표와 건의 경로,1,MOE_HEALTH_2026_P142_C02,2026년 학생건강증진 분야 주요업무 추진방향,PDF page 142,0.0600444225,0,무관,1,먹는물 위생 기준으로 급식 의견 게시판 위치와 무관함,v0.10.0 나머지 24문항 신규 감사,6d84f8fb794f49dc7db34ddd9c2e51c0bd45f304554e2a736bcb1dd05f19d2f0
SCB-P020,급식·보건,식단표와 건의 경로,2,MOE_MEAL_2021_P198_C01,제5차 개정 학교급식 위생관리 지침서,PDF page 198,0.054804165,0,무관,1,식중독 대응 절차로 메뉴 의견 제출과 무관함,v0.10.0 나머지 24문항 신규 감사,a7adcd2ec198eff91d3571df3414c492d2b80ac1ec51c4d861c7bc5597457541
SCB-P020,급식·보건,식단표와 건의 경로,3,MOE_MEAL_2021_P183_C03,제5차 개정 학교급식 위생관리 지침서,PDF page 183,0.0546104312,1,관련·일반,0,급식 의견수렴 게시판 일반론으로 관련되지만 이 학교 경로의 직접 근거는 아님,v0.10.0 나머지 24문항 신규 감사,88aec0451916c84a8787f766b9407794d5845cbd9c1c48ee8a6d42729b4485e5
SCB-P020,급식·보건,식단표와 건의 경로,4,MOE_HEALTH_2026_P143_C01,2026년 학생건강증진 분야 주요업무 추진방향,PDF page 143,0.0529010121,0,무관,1,정수기 관리 규정으로 급식 의견 접수와 무관함,v0.10.0 나머지 24문항 신규 감사,5c71c28c76e8b3a1b7e7d875177a69fc2d052af52a49f562786771464829fa46
SCB-P021,급식·보건,급식 후 일회성 불편 신고,1,MOE_HEALTH_2026_P142_C02,2026년 학생건강증진 분야 주요업무 추진방향,PDF page 142,0.0831775169,0,무관,1,정수기 수질 기준을 급식 맛·냄새·이물 신고에 적용할 위험이 있음,v0.9.0 선정 24문항 감사 승계,6d84f8fb794f49dc7db34ddd9c2e51c0bd45f304554e2a736bcb1dd05f19d2f0
SCB-P021,급식·보건,급식 후 일회성 불편 신고,2,MOE_HEALTH_2026_P143_C01,2026년 학생건강증진 분야 주요업무 추진방향,PDF page 143,0.0743688853,0,무관,1,냉온수기 관리카드로 급식 이상 신고와 무관함,v0.9.0 선정 24문항 감사 승계,5c71c28c76e8b3a1b7e7d875177a69fc2d052af52a49f562786771464829fa46
SCB-P021,급식·보건,급식 후 일회성 불편 신고,3,MOE_SCM_2026_P047_C02,학교민원 처리 매뉴얼,PDF page 47,0.0668875999,1,관련·일반,0,담당자 연결 표현은 일반 절차로 간접 관련됨,v0.9.0 선정 24문항 감사 승계,3ada6d3f4929501999ef003cd54356cd47bcb6a755f1d8355a6532f4157707c5
SCB-P021,급식·보건,급식 후 일회성 불편 신고,4,MOE_MEAL_2021_P022_C01,제5차 개정 학교급식 위생관리 지침서,PDF page 22,0.0493707676,1,관련·일반,1,조리장 설계 기준을 개별 신고의 원인처럼 제시할 위험이 있음,v0.9.0 선정 24문항 감사 승계,fb545626bd4b180568deaa0fc9c97463c50773faa8f9ccb93511037a33c45382
SCB-P022,급식·보건,보건실 방문 안내 누락과 귀가 시간,1,MOE_SCM_2026_P047_C02,학교민원 처리 매뉴얼,PDF page 47,0.0952064437,1,관련·일반,0,민원 담당 연결 일반론으로 간접 관련됨,v0.10.0 나머지 24문항 신규 감사,3ada6d3f4929501999ef003cd54356cd47bcb6a755f1d8355a6532f4157707c5
SCB-P022,급식·보건,보건실 방문 안내 누락과 귀가 시간,2,MOE_SCM_2026_P049_C01,학교민원 처리 매뉴얼,PDF page 49,0.065596683,0,무관,1,폭언 민원 대응으로 보건실 문의와 무관함,v0.10.0 나머지 24문항 신규 감사,accb82c542d59eaf7bf5bb8aadd2a78333869b10de4f9f5e664c17c3f224348f
SCB-P022,급식·보건,보건실 방문 안내 누락과 귀가 시간,3,MOE_MEAL_2021_P077_C01,제5차 개정 학교급식 위생관리 지침서,PDF page 77,0.0360121703,0,무관,1,HACCP 절차로 보건실 연락 경로와 무관함,v0.10.0 나머지 24문항 신규 감사,7c6977c25837678fe4fa6eace7bde0162a3e47c8264e75f3a23f1f7e4e324c9d
SCB-P022,급식·보건,보건실 방문 안내 누락과 귀가 시간,4,MOE_HEALTH_2026_P142_C02,2026년 학생건강증진 분야 주요업무 추진방향,PDF page 142,0.0177538434,0,무관,1,먹는물 위생 기준으로 보건실 이용과 무관함,v0.10.0 나머지 24문항 신규 감사,6d84f8fb794f49dc7db34ddd9c2e51c0bd45f304554e2a736bcb1dd05f19d2f0
SCB-P023,급식·보건,급식 중 호흡 곤란 보고,1,MOE_SCM_2026_P047_C02,학교민원 처리 매뉴얼,PDF page 47,0.1444918438,1,관련·일반,0,민원 접수 일반론으로 간접 관련되지만 응급 대응 근거는 아님,v0.10.0 나머지 24문항 신규 감사,3ada6d3f4929501999ef003cd54356cd47bcb6a755f1d8355a6532f4157707c5
SCB-P023,급식·보건,급식 중 호흡 곤란 보고,2,MOE_HEALTH_2026_P095_C03,2026년 학생건강증진 분야 주요업무 추진방향,PDF page 95,0.0680110079,0,무관,0,급식 교육지원 내용으로 호흡곤란 응급상황과 무관함,v0.10.0 나머지 24문항 신규 감사,526580893bfb0791d282bdaf91f20c3999ff91763274d88d14d21db57e271d2c
SCB-P023,급식·보건,급식 중 호흡 곤란 보고,3,MOE_SCM_2026_P015_C02,학교민원 처리 매뉴얼,PDF page 15,0.060754611,0,무관,1,방문 민원 응대 일반론이 응급조치를 지연시킬 수 있음,v0.10.0 나머지 24문항 신규 감사,dc536d9d10f672746cf490b84c74c1d214c33625e6855bd31631c922c33acb53
SCB-P023,급식·보건,급식 중 호흡 곤란 보고,4,MOE_HEALTH_2026_P040_C04,2026년 학생건강증진 분야 주요업무 추진방향,PDF page 40,0.0550507854,0,무관,1,정신건강 분류로 급성 호흡곤란과 무관함,v0.10.0 나머지 24문항 신규 감사,a406bd8c4aa901ff68e7b2a3cb192c58799c8634b2d696341d042a993769afb6
SCB-P024,급식·보건,식이 지원 누락과 진단 공개 요구,1,MOE_SCM_2026_P047_C01,학교민원 처리 매뉴얼,PDF page 47,0.058597542,1,관련·일반,0,민원 응대와 담당 연결 일반론으로 간접 관련됨,v0.9.0 선정 24문항 감사 승계,0ebcc4d2cee1bfc9cc0b17cc5e0cd1d98ea94cd051a002db2896842d3cae8951
SCB-P024,급식·보건,식이 지원 누락과 진단 공개 요구,2,MOE_MEAL_2021_P039_C02,제5차 개정 학교급식 위생관리 지침서,PDF page 39,0.0470105869,0,무관,0,소독조 위생화 관리로 식이 지원 조정과 무관함,v0.9.0 선정 24문항 감사 승계,a600506ca3d57981ee7cbfb4e25ecbf40eb4762b27afbcce5a7e1bb6bebc93d9
SCB-P024,급식·보건,식이 지원 누락과 진단 공개 요구,3,MOE_MEAL_2021_P061_C02,제5차 개정 학교급식 위생관리 지침서,PDF page 61,0.0421043363,1,관련·일반,0,식품안전 일반론이지만 알레르기·식이 지원 절차의 직접 근거는 아님,v0.9.0 선정 24문항 감사 승계,bea7d03192927daf96aaf99d18cb1ce6e1f5df790295d89f426e447b463fb848
SCB-P024,급식·보건,식이 지원 누락과 진단 공개 요구,4,MOE_HEALTH_2026_P092_C03,2026년 학생건강증진 분야 주요업무 추진방향,PDF page 92,0.0366784477,1,관련·일반,0,영양교육 일반론으로 안전한 대체식 조정에 직접 답하지 못함,v0.9.0 선정 24문항 감사 승계,4cfe10016d8d1aa923f0f0be3e818c8937aa119815a1758ba34fffc8ff483829
SCB-P025,시설·통학안전,임시 통학문 위치,1,MOE_HEALTH_2026_P062_C02,2026년 학생건강증진 분야 주요업무 추진방향,PDF page 62,0.031509187,0,무관,0,학교 먹는물 통계로 임시 등교문 안내와 무관함,v0.9.0 선정 24문항 감사 승계,d950faf475d3c24bbc2b9f6d2d7ce69fc3b4b90fb4083c3cc6d7b0a1b2808b18
SCB-P025,시설·통학안전,임시 통학문 위치,2,MOE_HEALTH_2026_P142_C02,2026년 학생건강증진 분야 주요업무 추진방향,PDF page 142,0.0296284176,0,무관,0,정수기 관리 기준으로 통학 동선과 무관함,v0.9.0 선정 24문항 감사 승계,6d84f8fb794f49dc7db34ddd9c2e51c0bd45f304554e2a736bcb1dd05f19d2f0
SCB-P025,시설·통학안전,임시 통학문 위치,3,MOE_SCM_2026_P047_C02,학교민원 처리 매뉴얼,PDF page 47,0.0287318039,1,관련·일반,0,담당자 연결 표현은 일반 절차로 간접 관련됨,v0.9.0 선정 24문항 감사 승계,3ada6d3f4929501999ef003cd54356cd47bcb6a755f1d8355a6532f4157707c5
SCB-P025,시설·통학안전,임시 통학문 위치,4,MOE_SAFETY_2025_2027_DOC_C01,제4차 학교안전사고 예방 기본계획(2025~2027),document 1,0.0089967156,1,관련·일반,0,학교안전 기본계획은 넓게 관련되지만 동문 위치·시간의 직접 근거는 아님,v0.9.0 선정 24문항 감사 승계,650417a08d3a4b3f0136f98059869465c34cbe55a13fb9c8f3cb043e3702a243
SCB-P026,시설·통학안전,운동장 개방과 주차 제한,1,MOE_SCM_2026_P047_C01,학교민원 처리 매뉴얼,PDF page 47,0.035901051,1,관련·일반,0,민원 처리 일반론으로 시설 이용 문의에만 간접 관련됨,v0.10.0 나머지 24문항 신규 감사,0ebcc4d2cee1bfc9cc0b17cc5e0cd1d98ea94cd051a002db2896842d3cae8951
SCB-P026,시설·통학안전,운동장 개방과 주차 제한,2,MOE_HEALTH_2026_P142_C02,2026년 학생건강증진 분야 주요업무 추진방향,PDF page 142,0.0300504106,0,무관,1,먹는물 위생 기준으로 주말 운동장 주차와 무관함,v0.10.0 나머지 24문항 신규 감사,6d84f8fb794f49dc7db34ddd9c2e51c0bd45f304554e2a736bcb1dd05f19d2f0
SCB-P026,시설·통학안전,운동장 개방과 주차 제한,3,MOE_SCM_2026_P049_C02,학교민원 처리 매뉴얼,PDF page 49,0.0280336194,0,무관,1,폭언 민원 대응으로 정상적인 주차 문의와 무관함,v0.10.0 나머지 24문항 신규 감사,381c869a0f1c9fe18cca02411600b7c79e547d0a69e52e3fc253078090dd90a4
SCB-P026,시설·통학안전,운동장 개방과 주차 제한,4,MOE_SAFETY_2025_2027_DOC_C01,제4차 학교안전사고 예방 기본계획(2025~2027),document 1,0.0095142503,0,무관,1,학교안전계획 일반론으로 개방·주차 가능 여부의 직접 근거는 아님,v0.10.0 나머지 24문항 신규 감사,650417a08d3a4b3f0136f98059869465c34cbe55a13fb9c8f3cb043e3702a243
SCB-P027,시설·통학안전,교실 소음 위치 불명,1,MOE_HEALTH_2026_P142_C02,2026년 학생건강증진 분야 주요업무 추진방향,PDF page 142,0.0750511294,0,무관,0,정수기 수질 기준으로 소음 원인 확인과 무관함,v0.9.0 선정 24문항 감사 승계,6d84f8fb794f49dc7db34ddd9c2e51c0bd45f304554e2a736bcb1dd05f19d2f0
SCB-P027,시설·통학안전,교실 소음 위치 불명,2,MOE_HEALTH_2026_P143_C01,2026년 학생건강증진 분야 주요업무 추진방향,PDF page 143,0.0644696063,0,무관,0,냉온수기 관리카드로 소음 민원과 무관함,v0.9.0 선정 24문항 감사 승계,5c71c28c76e8b3a1b7e7d875177a69fc2d052af52a49f562786771464829fa46
SCB-P027,시설·통학안전,교실 소음 위치 불명,3,MOE_SCM_2026_P047_C02,학교민원 처리 매뉴얼,PDF page 47,0.0533995879,1,관련·일반,0,확인 후 회신이라는 일반 표현만 관련됨,v0.9.0 선정 24문항 감사 승계,3ada6d3f4929501999ef003cd54356cd47bcb6a755f1d8355a6532f4157707c5
SCB-P027,시설·통학안전,교실 소음 위치 불명,4,MOE_SAFETY_2025_2027_DOC_C17,제4차 학교안전사고 예방 기본계획(2025~2027),document 1,0.0156118675,0,무관,1,사고 통계·학교안전지원시스템을 일반 소음 조치로 오인할 위험이 있음,v0.9.0 선정 24문항 감사 승계,369fb0af565cd7b139eeaa2a029ad33d1af80651278bc0fd1d9b0113eedb1efd
SCB-P028,시설·통학안전,통학버스 지연과 안내 불일치,1,MOE_SCM_2026_P047_C02,학교민원 처리 매뉴얼,PDF page 47,0.0415309985,1,관련·일반,1,담당자 전화번호 제공 예시는 버스 지연 민원에서 운전기사 연락처 제공으로 오인될 위험이 있음,v0.10.0 나머지 24문항 신규 감사,3ada6d3f4929501999ef003cd54356cd47bcb6a755f1d8355a6532f4157707c5
SCB-P028,시설·통학안전,통학버스 지연과 안내 불일치,2,MOE_SCM_2026_P049_C01,학교민원 처리 매뉴얼,PDF page 49,0.0366515255,0,무관,1,폭언 민원 대응으로 통학버스 지연과 무관함,v0.10.0 나머지 24문항 신규 감사,accb82c542d59eaf7bf5bb8aadd2a78333869b10de4f9f5e664c17c3f224348f
SCB-P028,시설·통학안전,통학버스 지연과 안내 불일치,3,MOE_HEALTH_2026_P046_C01,2026년 학생건강증진 분야 주요업무 추진방향,PDF page 46,0.0359100374,0,무관,1,자살예방 상담 앱으로 버스 운행 확인과 무관함,v0.10.0 나머지 24문항 신규 감사,63190955c879b2a80a4b9af0f46b50d11baaefaa10d7fa555c8311d959c669fe
SCB-P028,시설·통학안전,통학버스 지연과 안내 불일치,4,MOE_SAFETY_2025_2027_DOC_C19,제4차 학교안전사고 예방 기본계획(2025~2027),document 1,0.0075941398,0,무관,1,재난훈련 계획으로 현재 버스 지연과 무관함,v0.10.0 나머지 24문항 신규 감사,934d7a169173fdfd520baae7f3d4c22392bd64aa9d4a8454223f9d91ec48eaa4
SCB-P029,시설·통학안전,교내 노출 전선 신고,1,MOE_SCM_2026_P047_C02,학교민원 처리 매뉴얼,PDF page 47,0.0883573524,1,관련·일반,0,민원 접수 일반론으로 간접 관련됨,v0.10.0 나머지 24문항 신규 감사,3ada6d3f4929501999ef003cd54356cd47bcb6a755f1d8355a6532f4157707c5
SCB-P029,시설·통학안전,교내 노출 전선 신고,2,MOE_SCM_2026_P057_C02,학교민원 처리 매뉴얼,PDF page 57,0.0535251736,0,무관,1,위협적 방문자·경찰 대응을 전선 노출 신고에 적용할 위험이 있음,v0.10.0 나머지 24문항 신규 감사,d7f02dda3bc36b73c171342570d7ed7c482764695634a83c0eeec3e857537716
SCB-P029,시설·통학안전,교내 노출 전선 신고,3,MOE_HEALTH_2026_P145_C03,2026년 학생건강증진 분야 주요업무 추진방향,PDF page 145,0.0314910136,0,무관,0,급식 종사자 검진 규정으로 전기 위험과 무관함,v0.10.0 나머지 24문항 신규 감사,9090c3d77bb8d2e60e96bd8f85009a5b45adc305145616c5ff265013033f7d17
SCB-P029,시설·통학안전,교내 노출 전선 신고,4,MOE_SAFETY_2025_2027_DOC_C20,제4차 학교안전사고 예방 기본계획(2025~2027),document 1,0.018700422,1,관련·일반,0,안전교육 일반론으로 넓게 관련되지만 즉시 차단·시설 조치의 직접 근거는 아님,v0.10.0 나머지 24문항 신규 감사,6102b337612afb96f880beabed6ed6d6dec53dab1a8190da7df4d4be8f406f9e
SCB-P030,시설·통학안전,공사 낙하물과 즉시 개방 요구,1,MOE_SCM_2026_P050_C01,학교민원 처리 매뉴얼,PDF page 50,0.0390166251,0,무관,1,폭언·장시간 통화 대응으로 낙하물 안전 신고와 무관함,v0.9.0 선정 24문항 감사 승계,2e46f4a467f018dfadf4169f907fd3e6ad3f894b9a5398f4f8b437d953da2f55
SCB-P030,시설·통학안전,공사 낙하물과 즉시 개방 요구,2,MOE_SCM_2026_P047_C01,학교민원 처리 매뉴얼,PDF page 47,0.0274881879,1,관련·일반,0,전화 민원 응대 일반론으로 간접 관련됨,v0.9.0 선정 24문항 감사 승계,0ebcc4d2cee1bfc9cc0b17cc5e0cd1d98ea94cd051a002db2896842d3cae8951
SCB-P030,시설·통학안전,공사 낙하물과 즉시 개방 요구,3,MOE_SAFETY_2025_2027_DOC_C32,제4차 학교안전사고 예방 기본계획(2025~2027),document 1,0.0233999083,1,관련·일반,0,학교 밖 활동 안전계획은 넓게 관련되지만 공사 통학로 조치의 직접 근거는 아님,v0.9.0 선정 24문항 감사 승계,64637f126ddd019d88ece5beff0388e6e0b440ebadafe36d547a124d378d64aa
SCB-P030,시설·통학안전,공사 낙하물과 즉시 개방 요구,4,MOE_HEALTH_2026_P097_C01,2026년 학생건강증진 분야 주요업무 추진방향,PDF page 97,0.0214851455,0,무관,0,방학 급식지원으로 공사 안전과 무관함,v0.9.0 선정 24문항 감사 승계,94c83bd42e2f72f0334312504fa518402b2fccf9bf47e4b7cbcadd0dca9e3080
SCB-P031,돌봄·방과후,돌봄 신청 접수 확인,1,MOE_SCM_2026_P047_C02,학교민원 처리 매뉴얼,PDF page 47,0.0882767554,1,관련·일반,0,민원 처리 일반론으로 신청 상태 확인에 간접 관련됨,v0.10.0 나머지 24문항 신규 감사,3ada6d3f4929501999ef003cd54356cd47bcb6a755f1d8355a6532f4157707c5
SCB-P031,돌봄·방과후,돌봄 신청 접수 확인,2,SEN_PRIVACY_2026_P087_C01,각급학교 개인정보 보호 도움자료,PDF page 87,0.0444940765,0,무관,1,외부행사 개인정보 동의로 지원 신청 상태와 무관함,v0.10.0 나머지 24문항 신규 감사,0409b5428ca90557352506c7d3aa41670025226f0a52ae6389a357e69892e6de
SCB-P031,돌봄·방과후,돌봄 신청 접수 확인,3,MOE_SCM_2026_P050_C02,학교민원 처리 매뉴얼,PDF page 50,0.04233427,0,무관,1,폭언 민원 대응으로 정상적인 신청 확인과 무관함,v0.10.0 나머지 24문항 신규 감사,372c7ba5463b1cb78d24aa2fa039df45b159931eb3d1cbaeeeb57c66078bf029
SCB-P031,돌봄·방과후,돌봄 신청 접수 확인,4,SEN_PRIVACY_2026_P086_C03,각급학교 개인정보 보호 도움자료,PDF page 86,0.0415625287,0,무관,1,외부행사 민감정보 동의로 신청 상태·연락처 변경과 무관함,v0.10.0 나머지 24문항 신규 감사,c62ab4d3a076afc4a31ad336c8017a566eb14420c2fdce3992fccf097d84d108
SCB-P032,돌봄·방과후,방과후 휴강과 보강 일정,1,MOE_SCM_2026_P052_C02,학교민원 처리 매뉴얼,PDF page 52,0.0686744702,0,무관,1,상급자·외부인 방문 절차로 보강 일정 안내와 무관함,v0.9.0 선정 24문항 감사 승계,fdadd903f33a9cb1282a9ca6e0e39fb414348166c3d3fa00d734a63ab5b4796c
SCB-P032,돌봄·방과후,방과후 휴강과 보강 일정,2,MOE_SCM_2026_P047_C02,학교민원 처리 매뉴얼,PDF page 47,0.0421211695,1,관련·일반,0,담당자 연결 표현은 일반 절차로 간접 관련됨,v0.9.0 선정 24문항 감사 승계,3ada6d3f4929501999ef003cd54356cd47bcb6a755f1d8355a6532f4157707c5
SCB-P032,돌봄·방과후,방과후 휴강과 보강 일정,3,SEN_PRIVACY_2026_P083_C03,각급학교 개인정보 보호 도움자료,PDF page 83,0.0391411746,1,관련·일반,1,방과후 신청 개인정보 동의를 보강 일정·준비물에 적용할 위험이 있음,v0.9.0 선정 24문항 감사 승계,471104f3c59d2ad80673e9f3aa2dd6f4516a54426b2a2825b4542155fc96ba44
SCB-P032,돌봄·방과후,방과후 휴강과 보강 일정,4,MOE_NEULBOM_2026_P265_C01,2026 초등돌봄·교육(늘봄학교) 운영 길라잡이,PDF page 265,0.0371903163,1,관련·일반,0,늘봄 운영 일반론이지만 해당 보강 일정의 직접 근거는 아님,v0.9.0 선정 24문항 감사 승계,523fe4d60c1a2904852b4f52ec048985dc9d9ac300b07c829a94bbd721a5ab5d
SCB-P033,돌봄·방과후,돌봄 선정 결과 미확인,1,SEN_PRIVACY_2026_P053_C01,각급학교 개인정보 보호 도움자료,PDF page 53,0.0472934627,0,무관,1,가명정보·개인정보 담당부서를 돌봄 선정 결과 확인의 주 경로로 오인할 위험이 있음,v0.9.0 선정 24문항 감사 승계,e79ccceb3fd75390d950e92f6ade6b413870a76173fedf0bb123a2d2812db79c
SCB-P033,돌봄·방과후,돌봄 선정 결과 미확인,2,SEN_PRIVACY_2026_P049_C03,각급학교 개인정보 보호 도움자료,PDF page 49,0.0458863435,0,무관,1,개인정보 파기 절차로 선정 기준 문의와 무관함,v0.9.0 선정 24문항 감사 승계,df146b48c86682a9e1ad1173b73b3dffae5d98efcfdc24d493f9909636887d5f
SCB-P033,돌봄·방과후,돌봄 선정 결과 미확인,3,MOE_SCM_2026_P047_C01,학교민원 처리 매뉴얼,PDF page 47,0.0306820516,1,관련·일반,0,전화 민원 응대 일반론으로 간접 관련됨,v0.9.0 선정 24문항 감사 승계,0ebcc4d2cee1bfc9cc0b17cc5e0cd1d98ea94cd051a002db2896842d3cae8951
SCB-P033,돌봄·방과후,돌봄 선정 결과 미확인,4,MOE_SCM_2026_P050_C01,학교민원 처리 매뉴얼,PDF page 50,0.0216813199,0,무관,1,폭언 대응으로 정상적인 돌봄 문의와 무관함,v0.9.0 선정 24문항 감사 승계,2e46f4a467f018dfadf4169f907fd3e6ad3f894b9a5398f4f8b437d953da2f55
SCB-P034,돌봄·방과후,방과후 수강 취소와 환불액,1,MOE_NEULBOM_2026_P271_C04,2026 초등돌봄·교육(늘봄학교) 운영 길라잡이,PDF page 271,0.0775627918,0,무관,1,강사 대체 규정으로 취소·환불 문의와 무관함,v0.10.0 나머지 24문항 신규 감사,c96391390b54385ad21d8c600f14e34a33d9d30f586cd886b67c110973841ebe
SCB-P034,돌봄·방과후,방과후 수강 취소와 환불액,2,SEN_PRIVACY_2026_P049_C01,각급학교 개인정보 보호 도움자료,PDF page 49,0.0515933246,0,무관,1,개인정보 위탁 규정으로 환불 기준과 무관함,v0.10.0 나머지 24문항 신규 감사,04b01c6cc57c2ef2040a9c46242d73175cc0978f867f6da5634609c9aceb3c50
SCB-P034,돌봄·방과후,방과후 수강 취소와 환불액,3,MOE_SCM_2026_P047_C01,학교민원 처리 매뉴얼,PDF page 47,0.0412164364,1,관련·일반,0,민원 확인 일반론으로 간접 관련됨,v0.10.0 나머지 24문항 신규 감사,0ebcc4d2cee1bfc9cc0b17cc5e0cd1d98ea94cd051a002db2896842d3cae8951
SCB-P034,돌봄·방과후,방과후 수강 취소와 환불액,4,MOE_NEULBOM_2026_P283_C01,2026 초등돌봄·교육(늘봄학교) 운영 길라잡이,PDF page 283,0.0379216947,0,무관,1,강사 보험 규정으로 취소·환불과 무관함,v0.10.0 나머지 24문항 신규 감사,02a619561f973cace931f3f8e07655a55b2847434e345d8f68c91e1f43cf0133
SCB-P035,돌봄·방과후,등록되지 않은 귀가 인계자,1,MOE_SCM_2026_P047_C02,학교민원 처리 매뉴얼,PDF page 47,0.0669505471,1,관련·일반,0,민원 처리 일반론으로 간접 관련됨,v0.10.0 나머지 24문항 신규 감사,3ada6d3f4929501999ef003cd54356cd47bcb6a755f1d8355a6532f4157707c5
SCB-P035,돌봄·방과후,등록되지 않은 귀가 인계자,2,MOE_NEULBOM_2026_P124_C02,2026 초등돌봄·교육(늘봄학교) 운영 길라잡이,PDF page 124,0.060803722,0,무관,1,부상자 병원 이송 절차를 미확인 성인 인계 상황에 적용할 위험이 있음,v0.10.0 나머지 24문항 신규 감사,71812ef1cc6e8c2fce6d1c12282e7eee57235d6daa8421e0bf8526b5f66ee5b5
SCB-P035,돌봄·방과후,등록되지 않은 귀가 인계자,3,MOE_NEULBOM_2026_P037_C04,2026 초등돌봄·교육(늘봄학교) 운영 길라잡이,PDF page 37,0.0593067623,1,관련·일반,0,돌봄 안전 일반론으로 넓게 관련됨,v0.10.0 나머지 24문항 신규 감사,b0035c036c0fb4a626048865cfbd823183533c03cae92203869d274b64fb433c
SCB-P035,돌봄·방과후,등록되지 않은 귀가 인계자,4,SEN_PRIVACY_2026_P088_C03,각급학교 개인정보 보호 도움자료,PDF page 88,0.0534663778,0,무관,1,졸업앨범 개인정보 규정으로 학생 인계 안전과 무관함,v0.10.0 나머지 24문항 신규 감사,f67493173e8f4fb60c0ec4bb40605b75dd1577d94a291fa8f7914deb2f189f51
SCB-P036,돌봄·방과후,돌봄 인계 기록 불일치와 CCTV 요구,1,MOE_NEULBOM_2026_P130_C01,2026 초등돌봄·교육(늘봄학교) 운영 길라잡이,PDF page 130,0.0592575202,1,관련·일반,1,돌봄 CCTV 설치·방범 내용은 관련되지만 영상 제공 범위의 근거로 쓰면 오도될 수 있음,v0.9.0 선정 24문항 감사 승계,4b0f4ef714d0da1fb7d7a5dfe7bc995c69a8f0ff82b934f6e5c146fd736a9993
SCB-P036,돌봄·방과후,돌봄 인계 기록 불일치와 CCTV 요구,2,MOE_NEULBOM_2026_P119_C02,2026 초등돌봄·교육(늘봄학교) 운영 길라잡이,PDF page 119,0.0565455197,1,관련·일반,1,돌봄 안전용 CCTV 운영은 관련되지만 열람·제공 절차를 설명하지 않음,v0.9.0 선정 24문항 감사 승계,53b373a4bbc48d35196bf56a11bbe84df11aec05ea575a03f249a1f7053a9972
SCB-P036,돌봄·방과후,돌봄 인계 기록 불일치와 CCTV 요구,3,MOE_SCM_2026_P034_C01,학교민원 처리 매뉴얼,PDF page 34,0.0522605058,0,무관,1,민원상담실 녹화 장치로 돌봄실 CCTV 제공 요구와 대상이 다름,v0.9.0 선정 24문항 감사 승계,f64f28c4139d98610668febe4af38b9af36c1ac6ff2ac15c1991323effedf64f
SCB-P036,돌봄·방과후,돌봄 인계 기록 불일치와 CCTV 요구,4,MOE_SCM_2026_P047_C02,학교민원 처리 매뉴얼,PDF page 47,0.0459085139,1,관련·일반,0,담당자 연결 표현은 일반 절차로 간접 관련됨,v0.9.0 선정 24문항 감사 승계,3ada6d3f4929501999ef003cd54356cd47bcb6a755f1d8355a6532f4157707c5
SCB-P037,정보·개인정보,공개 교육계획 찾기,1,MOE_SCM_2026_P049_C01,학교민원 처리 매뉴얼,PDF page 49,0.0745766069,0,무관,1,폭언 전화 대응으로 공개 교육계획 위치 문의와 무관함,v0.9.0 선정 24문항 감사 승계,accb82c542d59eaf7bf5bb8aadd2a78333869b10de4f9f5e664c17c3f224348f
SCB-P037,정보·개인정보,공개 교육계획 찾기,2,SEN_PRIVACY_2026_P060_C01,각급학교 개인정보 보호 도움자료,PDF page 60,0.0685478022,0,무관,0,개인정보 담당자 교육계획으로 학교 교육계획 파일과 무관함,v0.9.0 선정 24문항 감사 승계,e20524e3b926b42a8f017e1cc78a81fcf252b5263b42b6d202e3c3a79d9a5191
SCB-P037,정보·개인정보,공개 교육계획 찾기,3,MOE_SCM_2026_P054_C01,학교민원 처리 매뉴얼,PDF page 54,0.0665333086,0,무관,1,방문 폭언 대응으로 정상적인 정보공개 문의와 무관함,v0.9.0 선정 24문항 감사 승계,31d45a750f3e1dc313e8b2a7970e73a3d3409c55c800070f1196fc15b6b2fe93
SCB-P037,정보·개인정보,공개 교육계획 찾기,4,SEN_PRIVACY_2026_P082_C02,각급학교 개인정보 보호 도움자료,PDF page 82,0.0436426229,0,무관,0,교육활동 홍보 개인정보 동의로 공개 파일 위치와 무관함,v0.9.0 선정 24문항 감사 승계,9317ab3e66b41bdc3ccbb45c70df11ce54f51df8fd5a8061acffb701356a844a
SCB-P038,정보·개인정보,사진 게시 동의의 선택 범위,1,SEN_PRIVACY_2026_P086_C03,각급학교 개인정보 보호 도움자료,PDF page 86,0.096650998,1,관련·일반,0,외부행사 동의 선택권은 관련되지만 사진 항목별 분리 동의의 직접 근거는 아님,v0.10.0 나머지 24문항 신규 감사,c62ab4d3a076afc4a31ad336c8017a566eb14420c2fdce3992fccf097d84d108
SCB-P038,정보·개인정보,사진 게시 동의의 선택 범위,2,SEN_PRIVACY_2026_P082_C01,각급학교 개인정보 보호 도움자료,PDF page 82,0.0919147998,2,직접 근거,0,홈페이지 사진 게시 동의와 거부 효과가 공개 사진 동의에 직접 관련됨,v0.10.0 나머지 24문항 신규 감사,826b1bd4d1a066242e64c29df1ea5548a7828706451b72f6ee4b1a2fa985bb61
SCB-P038,정보·개인정보,사진 게시 동의의 선택 범위,3,MOE_SCM_2026_P050_C01,학교민원 처리 매뉴얼,PDF page 50,0.0518680205,0,무관,1,폭언 민원 대응으로 사진 동의 문의와 무관함,v0.10.0 나머지 24문항 신규 감사,2e46f4a467f018dfadf4169f907fd3e6ad3f894b9a5398f4f8b437d953da2f55
SCB-P038,정보·개인정보,사진 게시 동의의 선택 범위,4,STAR_RECORD_2026_P043_C01,2026학년도 학교생활기록부 기재요령(초등학교),PDF page 43,0.0498552374,0,무관,1,학생기록 본인확인 규정으로 사진 공개 동의와 무관함,v0.10.0 나머지 24문항 신규 감사,f588c1d5a9b1e2f798fbd917c6cf999bacec1dab933cafcac0fdc0a6d4bdd3bc
SCB-P039,정보·개인정보,잘못 표시된 학생 정보,1,SEN_PRIVACY_2026_P054_C01,각급학교 개인정보 보호 도움자료,PDF page 54,0.0507226861,1,관련·일반,0,개인정보 정정권 일반론으로 관련됨,v0.10.0 나머지 24문항 신규 감사,c3396231445200cbdd2b922f79e8e9c4553bf5c00286bab0e6111d2573fc4b17
SCB-P039,정보·개인정보,잘못 표시된 학생 정보,2,SEN_PRIVACY_2026_P053_C01,각급학교 개인정보 보호 도움자료,PDF page 53,0.0498487702,2,직접 근거,0,개인정보 담당부서와 처리 경로가 잘못된 자녀 정보 정정에 직접 관련됨,v0.10.0 나머지 24문항 신규 감사,e79ccceb3fd75390d950e92f6ade6b413870a76173fedf0bb123a2d2812db79c
SCB-P039,정보·개인정보,잘못 표시된 학생 정보,3,MOE_SCM_2026_P047_C01,학교민원 처리 매뉴얼,PDF page 47,0.0331588278,1,관련·일반,0,민원 처리 일반론으로 간접 관련됨,v0.10.0 나머지 24문항 신규 감사,0ebcc4d2cee1bfc9cc0b17cc5e0cd1d98ea94cd051a002db2896842d3cae8951
SCB-P039,정보·개인정보,잘못 표시된 학생 정보,4,MOE_SCM_2026_P049_C02,학교민원 처리 매뉴얼,PDF page 49,0.0255656018,0,무관,1,폭언 민원 대응으로 정정 요청과 무관함,v0.10.0 나머지 24문항 신규 감사,381c869a0f1c9fe18cca02411600b7c79e547d0a69e52e3fc253078090dd90a4
SCB-P040,정보·개인정보,동의 철회와 앱 알림 구분,1,SEN_PRIVACY_2026_P083_C03,각급학교 개인정보 보호 도움자료,PDF page 83,0.066824505,2,직접 근거,0,학교 앱의 개인정보 수집·이용·보유기간 예시가 동의 철회·알림 구분에 직접 관련됨,v0.9.0 선정 24문항 감사 승계,471104f3c59d2ad80673e9f3aa2dd6f4516a54426b2a2825b4542155fc96ba44
SCB-P040,정보·개인정보,동의 철회와 앱 알림 구분,2,SEN_PRIVACY_2026_P086_C03,각급학교 개인정보 보호 도움자료,PDF page 86,0.0634554535,0,무관,0,외부대회 민감정보 동의 예시로 앱 알림 민원과 무관함,v0.9.0 선정 24문항 감사 승계,c62ab4d3a076afc4a31ad336c8017a566eb14420c2fdce3992fccf097d84d108
SCB-P040,정보·개인정보,동의 철회와 앱 알림 구분,3,MOE_SCM_2026_P047_C01,학교민원 처리 매뉴얼,PDF page 47,0.0406837027,1,관련·일반,0,전화 민원 응대 일반론으로 간접 관련됨,v0.9.0 선정 24문항 감사 승계,0ebcc4d2cee1bfc9cc0b17cc5e0cd1d98ea94cd051a002db2896842d3cae8951
SCB-P040,정보·개인정보,동의 철회와 앱 알림 구분,4,STAR_RECORD_2026_P123_C03,2026학년도 학교생활기록부 기재요령(초등학교),PDF page 123,0.0377819141,2,직접 근거,0,열람·정정·삭제·처리정지 권리는 삭제 가능성 검토에 직접 관련됨,v0.9.0 선정 24문항 감사 승계,d6cbb52b14801cb3b5811ff4b0581854f2c609cf119134ea786135853ee74e0a
SCB-P041,정보·개인정보,공개 게시판 성적표 노출,1,SEN_PRIVACY_2026_P086_C03,각급학교 개인정보 보호 도움자료,PDF page 86,0.1261139557,0,무관,1,외부대회 참가 동의를 성적표 공개 노출 대응에 적용할 위험이 있음,v0.9.0 선정 24문항 감사 승계,c62ab4d3a076afc4a31ad336c8017a566eb14420c2fdce3992fccf097d84d108
SCB-P041,정보·개인정보,공개 게시판 성적표 노출,2,SEN_PRIVACY_2026_P084_C03,각급학교 개인정보 보호 도움자료,PDF page 84,0.113687709,0,무관,1,돌봄교실 동의 예시로 성적표 노출 사고와 무관함,v0.9.0 선정 24문항 감사 승계,8edb9907be37bb692532ec6d79ed77e9762366152d032d604ac4f61aaf06ef06
SCB-P041,정보·개인정보,공개 게시판 성적표 노출,3,MOE_SCM_2026_P057_C02,학교민원 처리 매뉴얼,PDF page 57,0.0645197321,0,무관,1,위험물 소지 민원 대응으로 개인정보 유출 차단과 무관함,v0.9.0 선정 24문항 감사 승계,d7f02dda3bc36b73c171342570d7ed7c482764695634a83c0eeec3e857537716
SCB-P041,정보·개인정보,공개 게시판 성적표 노출,4,STAR_RECORD_2026_P123_C03,2026학년도 학교생활기록부 기재요령(초등학교),PDF page 123,0.0602083256,2,직접 근거,0,개인정보 열람·삭제·처리정지 권리는 후속 검토에 직접 관련됨,v0.9.0 선정 24문항 감사 승계,d6cbb52b14801cb3b5811ff4b0581854f2c609cf119134ea786135853ee74e0a
SCB-P042,정보·개인정보,기록 열람 요청자의 권한 분쟁,1,MOE_SCM_2026_P047_C02,학교민원 처리 매뉴얼,PDF page 47,0.0812531716,1,관련·일반,0,민원 처리 일반론으로 간접 관련됨,v0.10.0 나머지 24문항 신규 감사,3ada6d3f4929501999ef003cd54356cd47bcb6a755f1d8355a6532f4157707c5
SCB-P042,정보·개인정보,기록 열람 요청자의 권한 분쟁,2,MOE_SCM_2026_P046_C02,학교민원 처리 매뉴얼,PDF page 46,0.0792534101,1,관련·일반,0,민원 처리 일반론으로 간접 관련됨,v0.10.0 나머지 24문항 신규 감사,0ad38bf66581646af89cd703b0cf6363842868749c531f89df3c7beb87fea8e0
SCB-P042,정보·개인정보,기록 열람 요청자의 권한 분쟁,3,SEN_PRIVACY_2026_P100_C02,각급학교 개인정보 보호 도움자료,PDF page 100,0.0591645103,0,무관,1,처리위탁 계약 규정으로 상담기록 제3자 제공 요구와 무관함,v0.10.0 나머지 24문항 신규 감사,3d86df7f11b6f88a27f1d878db224fe44bccc80a3b6dc0f35aabfcee75c44a31
SCB-P042,정보·개인정보,기록 열람 요청자의 권한 분쟁,4,SEN_PRIVACY_2026_P103_C02,각급학교 개인정보 보호 도움자료,PDF page 103,0.0587533942,0,무관,1,개인정보 파기 절차로 다른 보호자 연락처 요구와 무관함,v0.10.0 나머지 24문항 신규 감사,6b5b8ed25c185d1674e3006e5cce1baa5becbf08630f698dd9c3124dc973fb68
SCB-P043,소통·민원절차,민원 접수 완료 여부,1,MOE_SCM_2026_P047_C01,학교민원 처리 매뉴얼,PDF page 47,0.0907248303,1,관련·일반,0,전화 민원 응대 일반론으로 접수상태 안내에만 간접 관련됨,v0.10.0 나머지 24문항 신규 감사,0ebcc4d2cee1bfc9cc0b17cc5e0cd1d98ea94cd051a002db2896842d3cae8951
SCB-P043,소통·민원절차,민원 접수 완료 여부,2,MOE_SCM_2026_P055_C02,학교민원 처리 매뉴얼,PDF page 55,0.0620295363,0,무관,1,폭행 민원 대응으로 게시판 처리상태 문의와 무관함,v0.10.0 나머지 24문항 신규 감사,2a3abb2b3b0b0077ee05f48d19c33bd794f0dddf0043b8931a3f56becaf15c3d
SCB-P043,소통·민원절차,민원 접수 완료 여부,3,SEN_PRIVACY_2026_P081_C04,각급학교 개인정보 보호 도움자료,PDF page 81,0.0408119315,0,무관,1,사진·영상 동의 예시로 접수상태와 무관함,v0.10.0 나머지 24문항 신규 감사,e6543034f57cbc799487345172653a4a69874bcb58ba6504857f9bc6774b54f6
SCB-P043,소통·민원절차,민원 접수 완료 여부,4,SEN_PRIVACY_2026_P063_C02,각급학교 개인정보 보호 도움자료,PDF page 63,0.038080451,0,무관,1,게시판 개인정보 점검으로 개별 접수 배정 상태와 무관함,v0.10.0 나머지 24문항 신규 감사,66858b421d5138eec7e9f5aaa822920f0ad3a85a9aae5d85a709e0a8fad72442
SCB-P044,소통·민원절차,상담 예약과 녹취 문의,1,MOE_SCM_2026_P049_C01,학교민원 처리 매뉴얼,PDF page 49,0.1049778274,1,관련·일반,1,통화 녹음과 관련되지만 폭언 대응 목적을 정상 상담 전체에 일반화할 위험이 있음,v0.9.0 선정 24문항 감사 승계,accb82c542d59eaf7bf5bb8aadd2a78333869b10de4f9f5e664c17c3f224348f
SCB-P044,소통·민원절차,상담 예약과 녹취 문의,2,MOE_SCM_2026_P051_C01,학교민원 처리 매뉴얼,PDF page 51,0.1020848967,0,무관,1,반복 전화 종료 절차로 정상적인 예약 문의와 무관함,v0.9.0 선정 24문항 감사 승계,b06235f844996c72adbe24188abf4afb0d54647d3cf2afa47cdbc7df2647529d
SCB-P044,소통·민원절차,상담 예약과 녹취 문의,3,SEN_PRIVACY_2026_P082_C02,각급학교 개인정보 보호 도움자료,PDF page 82,0.0587872411,0,무관,0,교육활동 홍보 개인정보 동의로 상담 예약·녹음과 무관함,v0.9.0 선정 24문항 감사 승계,9317ab3e66b41bdc3ccbb45c70df11ce54f51df8fd5a8061acffb701356a844a
SCB-P044,소통·민원절차,상담 예약과 녹취 문의,4,SEN_PRIVACY_2026_P083_C04,각급학교 개인정보 보호 도움자료,PDF page 83,0.0586241239,0,무관,0,플랫폼 개인정보 동의 예시로 상담 녹음과 무관함,v0.9.0 선정 24문항 감사 승계,4c5dccc802e5fbfff2d60d45902e712296b5e59e43940258f7e83e851cbeaaa6
SCB-P045,소통·민원절차,답변과 다른 민원 내용,1,MOE_SCM_2026_P047_C02,학교민원 처리 매뉴얼,PDF page 47,0.1048953384,1,관련·일반,0,담당자 연결 표현은 재답변 처리에 간접적으로 관련됨,v0.9.0 선정 24문항 감사 승계,3ada6d3f4929501999ef003cd54356cd47bcb6a755f1d8355a6532f4157707c5
SCB-P045,소통·민원절차,답변과 다른 민원 내용,2,MOE_SCM_2026_P052_C01,학교민원 처리 매뉴얼,PDF page 52,0.0806883517,0,무관,1,상급자 통화 요구 절차로 원 문의·답변 대조와 무관함,v0.9.0 선정 24문항 감사 승계,19ace45d11133999851ad4f755725e2242bb93618c2617bddbc3386e7359267c
SCB-P045,소통·민원절차,답변과 다른 민원 내용,3,SEN_PRIVACY_2026_P081_C04,각급학교 개인정보 보호 도움자료,PDF page 81,0.0430268243,0,무관,0,학생 영상 게시 동의로 재답변 민원과 무관함,v0.9.0 선정 24문항 감사 승계,e6543034f57cbc799487345172653a4a69874bcb58ba6504857f9bc6774b54f6
SCB-P045,소통·민원절차,답변과 다른 민원 내용,4,SEN_PRIVACY_2026_P086_C03,각급학교 개인정보 보호 도움자료,PDF page 86,0.0377440527,0,무관,0,외부대회 민감정보 동의로 재답변 민원과 무관함,v0.9.0 선정 24문항 감사 승계,c62ab4d3a076afc4a31ad336c8017a566eb14420c2fdce3992fccf097d84d108
SCB-P046,소통·민원절차,여러 경로 접수와 처리 지연,1,MOE_SCM_2026_P047_C01,학교민원 처리 매뉴얼,PDF page 47,0.0846145844,1,관련·일반,0,전화 민원 응대 일반론으로 중복 접수 확인에 간접 관련됨,v0.10.0 나머지 24문항 신규 감사,0ebcc4d2cee1bfc9cc0b17cc5e0cd1d98ea94cd051a002db2896842d3cae8951
SCB-P046,소통·민원절차,여러 경로 접수와 처리 지연,2,MOE_SCM_2026_P051_C01,학교민원 처리 매뉴얼,PDF page 51,0.0562109192,0,무관,1,반복 전화 종결 절차로 부서 간 떠넘김 민원과 무관함,v0.10.0 나머지 24문항 신규 감사,b06235f844996c72adbe24188abf4afb0d54647d3cf2afa47cdbc7df2647529d
SCB-P046,소통·민원절차,여러 경로 접수와 처리 지연,3,SEN_PRIVACY_2026_P053_C02,각급학교 개인정보 보호 도움자료,PDF page 53,0.0532820203,1,관련·일반,1,개인정보 담당부서 문맥은 연락처 변경에 관련되지만 모든 처리를 그 부서로 돌릴 위험이 있음,v0.10.0 나머지 24문항 신규 감사,dede2182cc1bc09be9f73b90b8b3e59ae89342f387d8f864f934da0fb74e6e6a
SCB-P046,소통·민원절차,여러 경로 접수와 처리 지연,4,SEN_PRIVACY_2026_P086_C03,각급학교 개인정보 보호 도움자료,PDF page 86,0.0518796228,0,무관,1,외부대회 동의 예시로 문의 병합·연락처 변경과 무관함,v0.10.0 나머지 24문항 신규 감사,c62ab4d3a076afc4a31ad336c8017a566eb14420c2fdce3992fccf097d84d108
SCB-P047,소통·민원절차,직원에 대한 당일 위해 예고,1,MOE_SCM_2026_P049_C01,학교민원 처리 매뉴얼,PDF page 49,0.087767207,2,직접 근거,0,협박·폭언 증거확보와 법적 후속조치는 위해 예고 대응에 직접 관련됨,v0.9.0 선정 24문항 감사 승계,accb82c542d59eaf7bf5bb8aadd2a78333869b10de4f9f5e664c17c3f224348f
SCB-P047,소통·민원절차,직원에 대한 당일 위해 예고,2,MOE_SCM_2026_P047_C01,학교민원 처리 매뉴얼,PDF page 47,0.0821539222,1,관련·일반,0,전화 민원 응대 일반론으로 간접 관련됨,v0.9.0 선정 24문항 감사 승계,0ebcc4d2cee1bfc9cc0b17cc5e0cd1d98ea94cd051a002db2896842d3cae8951
SCB-P047,소통·민원절차,직원에 대한 당일 위해 예고,3,SEN_PRIVACY_2026_P049_C01,각급학교 개인정보 보호 도움자료,PDF page 49,0.0511848861,0,무관,0,개인정보 처리 위탁으로 직원 위해 대응과 무관함,v0.9.0 선정 24문항 감사 승계,04b01c6cc57c2ef2040a9c46242d73175cc0978f867f6da5634609c9aceb3c50
SCB-P047,소통·민원절차,직원에 대한 당일 위해 예고,4,SEN_PRIVACY_2026_P081_C01,각급학교 개인정보 보호 도움자료,PDF page 81,0.0509753593,0,무관,0,학생 개인정보 동의 예시로 직원 위해 대응과 무관함,v0.9.0 선정 24문항 감사 승계,e26baa53f881c8a029ad537a7df95ae13eb652ff9500201bf6c42b34ca591ef9
SCB-P048,소통·민원절차,관리자 관련 민원과 불이익 우려,1,MOE_SCM_2026_P032_C02,학교민원 처리 매뉴얼,PDF page 32,0.1028840901,1,관련·일반,1,학교 내부 민원창구 단일화는 관련되지만 학교 관리자 회피와 외부 공식 검토 요구를 충족하지 못함,v0.10.0 나머지 24문항 신규 감사,579943851bf2c9850cc6cfe5b5169cda8071b3b45c25f834a531d30dad874f81
SCB-P048,소통·민원절차,관리자 관련 민원과 불이익 우려,2,MOE_SCM_2026_P052_C01,학교민원 처리 매뉴얼,PDF page 52,0.0919158868,1,관련·일반,1,상급자 통화요구 절차를 관리자 본인 관련 민원에 적용하면 독립 검토를 막을 위험이 있음,v0.10.0 나머지 24문항 신규 감사,19ace45d11133999851ad4f755725e2242bb93618c2617bddbc3386e7359267c
SCB-P048,소통·민원절차,관리자 관련 민원과 불이익 우려,3,SEN_PRIVACY_2026_P078_C03,각급학교 개인정보 보호 도움자료,PDF page 78,0.0651331147,0,무관,1,개인정보 동의 일반론으로 외부 검토·담당자 확인의 직접 근거는 아님,v0.10.0 나머지 24문항 신규 감사,2195ac31cc61cc173b1113b14ec8d69770e45532d2645a244d26011541728220
SCB-P048,소통·민원절차,관리자 관련 민원과 불이익 우려,4,SEN_PRIVACY_2026_P086_C03,각급학교 개인정보 보호 도움자료,PDF page 86,0.0598668863,0,무관,1,외부행사 동의 예시로 신원 최소공개 요구와 무관함,v0.10.0 나머지 24문항 신규 감사,c62ab4d3a076afc4a31ad336c8017a566eb14420c2fdce3992fccf097d84d108
